{"v":"5.8.1","fr":60,"ip":0,"op":185,"w":1024,"h":1024,"nm":"emoji_Grinning squinting face","ddd":0,"assets":[],"layers":[{"ddd":0,"ind":1,"ty":3,"nm":"Null ALL","sr":1,"ks":{"o":{"a":0,"k":0,"ix":11},"r":{"a":0,"k":0,"ix":10},"p":{"s":true,"x":{"a":0,"k":510,"ix":3},"y":{"a":1,"k":[{"i":{"x":[0.425],"y":[1]},"o":{"x":[0.616],"y":[0]},"t":0,"s":[501]},{"i":{"x":[0.667],"y":[1]},"o":{"x":[0.616],"y":[0]},"t":10,"s":[481]},{"i":{"x":[0.425],"y":[1]},"o":{"x":[0.616],"y":[0]},"t":20,"s":[501]},{"i":{"x":[0.667],"y":[1]},"o":{"x":[0.616],"y":[0]},"t":30,"s":[481]},{"i":{"x":[0.425],"y":[1]},"o":{"x":[0.616],"y":[0]},"t":40,"s":[501]},{"i":{"x":[0.667],"y":[1]},"o":{"x":[0.616],"y":[0]},"t":50,"s":[481]},{"i":{"x":[0.425],"y":[1]},"o":{"x":[0.616],"y":[0]},"t":60,"s":[501]},{"i":{"x":[0.667],"y":[1]},"o":{"x":[0.616],"y":[0]},"t":70,"s":[481]},{"i":{"x":[0.425],"y":[1]},"o":{"x":[0.616],"y":[0]},"t":80,"s":[501]},{"i":{"x":[0.667],"y":[1]},"o":{"x":[0.616],"y":[0]},"t":90,"s":[481]},{"i":{"x":[0.425],"y":[1]},"o":{"x":[0.616],"y":[0]},"t":100,"s":[501]},{"i":{"x":[0.667],"y":[1]},"o":{"x":[0.616],"y":[0]},"t":110,"s":[481]},{"i":{"x":[0.425],"y":[1]},"o":{"x":[0.616],"y":[0]},"t":120,"s":[501]},{"i":{"x":[0.667],"y":[1]},"o":{"x":[0.616],"y":[0]},"t":130,"s":[481]},{"i":{"x":[0.425],"y":[1]},"o":{"x":[0.616],"y":[0]},"t":140,"s":[501]},{"i":{"x":[0],"y":[1]},"o":{"x":[0.616],"y":[0]},"t":150,"s":[469]},{"i":{"x":[0.425],"y":[1]},"o":{"x":[0.894],"y":[0]},"t":164,"s":[525]},{"i":{"x":[0.667],"y":[1]},"o":{"x":[0.616],"y":[0]},"t":176,"s":[473]},{"t":186,"s":[501]}],"ix":4}},"a":{"a":0,"k":[0,0,0],"ix":1,"l":2},"s":{"a":0,"k":[100,100,100],"ix":6,"l":2}},"ao":0,"ip":0,"op":186,"st":0,"bm":0},{"ddd":0,"ind":2,"ty":3,"nm":"Null Face","parent":1,"sr":1,"ks":{"o":{"a":0,"k":100,"ix":11},"r":{"a":0,"k":0,"ix":10},"p":{"a":1,"k":[{"i":{"x":0.425,"y":1},"o":{"x":0.616,"y":0},"t":0,"s":[2,11,0],"to":[0,-7.667,0],"ti":[0,0,0]},{"i":{"x":0.667,"y":1},"o":{"x":0.616,"y":0},"t":10,"s":[2,-35,0],"to":[0,0,0],"ti":[0,0,0]},{"i":{"x":0.425,"y":1},"o":{"x":0.616,"y":0},"t":20,"s":[2,11,0],"to":[0,0,0],"ti":[0,0,0]},{"i":{"x":0.667,"y":1},"o":{"x":0.616,"y":0},"t":30,"s":[2,-35,0],"to":[0,0,0],"ti":[0,0,0]},{"i":{"x":0.425,"y":1},"o":{"x":0.616,"y":0},"t":40,"s":[2,11,0],"to":[0,0,0],"ti":[0,0,0]},{"i":{"x":0.667,"y":1},"o":{"x":0.616,"y":0},"t":50,"s":[2,-35,0],"to":[0,0,0],"ti":[0,0,0]},{"i":{"x":0.425,"y":1},"o":{"x":0.616,"y":0},"t":60,"s":[2,11,0],"to":[0,0,0],"ti":[0,0,0]},{"i":{"x":0.667,"y":1},"o":{"x":0.616,"y":0},"t":70,"s":[2,-35,0],"to":[0,0,0],"ti":[0,0,0]},{"i":{"x":0.425,"y":1},"o":{"x":0.616,"y":0},"t":80,"s":[2,11,0],"to":[0,0,0],"ti":[0,0,0]},{"i":{"x":0.667,"y":1},"o":{"x":0.616,"y":0},"t":90,"s":[2,-35,0],"to":[0,0,0],"ti":[0,0,0]},{"i":{"x":0.425,"y":1},"o":{"x":0.616,"y":0},"t":100,"s":[2,11,0],"to":[0,0,0],"ti":[0,0,0]},{"i":{"x":0.667,"y":1},"o":{"x":0.616,"y":0},"t":110,"s":[2,-35,0],"to":[0,0,0],"ti":[0,0,0]},{"i":{"x":0.425,"y":1},"o":{"x":0.616,"y":0},"t":120,"s":[2,11,0],"to":[0,0,0],"ti":[0,0,0]},{"i":{"x":0.667,"y":1},"o":{"x":0.616,"y":0},"t":130,"s":[2,-35,0],"to":[0,0,0],"ti":[0,3.333,0]},{"i":{"x":0.425,"y":1},"o":{"x":0.616,"y":0},"t":140,"s":[2,11,0],"to":[0,-3.333,0],"ti":[0,-6.167,0]},{"i":{"x":0,"y":1},"o":{"x":0.616,"y":0},"t":150,"s":[2,-55,0],"to":[0,6.167,0],"ti":[0,1,0]},{"i":{"x":0.425,"y":1},"o":{"x":0.894,"y":0},"t":164,"s":[2,48,0],"to":[0,-1,0],"ti":[0,6.167,0]},{"i":{"x":0.667,"y":1},"o":{"x":0.616,"y":0},"t":176,"s":[2,-61,0],"to":[0,-6.167,0],"ti":[0,-12,0]},{"t":186,"s":[2,11,0]}],"ix":2,"l":2},"a":{"a":0,"k":[512,512,0],"ix":1,"l":2},"s":{"a":0,"k":[100,100,100],"ix":6,"l":2}},"ao":0,"ip":0,"op":186,"st":0,"bm":0},{"ddd":0,"ind":3,"ty":4,"nm":"mouth 2","parent":2,"td":1,"sr":1,"ks":{"o":{"a":0,"k":100,"ix":11},"r":{"a":0,"k":0,"ix":10},"p":{"a":0,"k":[506.92,680.86,0],"ix":2,"l":2},"a":{"a":0,"k":[321.09,136.85,0],"ix":1,"l":2},"s":{"a":0,"k":[100,100,100],"ix":6,"l":2}},"ao":0,"shapes":[{"ty":"gr","it":[{"ind":0,"ty":"sh","ix":1,"ks":{"a":0,"k":{"i":[[10.88,20.16],[21.76,-8.16],[85.44,0.4],[82.08,23.92],[11.2,-20.16],[-9.2,-20.08],[-5.04,-8.56],[-14.56,18.079],[-9.12,0.481],[-3.6,-1.12],[-87.12,0.16],[0,0],[-83.52,24.56],[-3.761,0],[-4.96,-7.68],[0,0],[-4.16,9.121]],"o":[[-11.36,-20.24],[-82.08,23.92],[-85.52,0.4],[-21.52,-8.16],[-10.88,20.08],[4.08,9.04],[0,0],[4.96,-7.68],[3.76,0],[83.52,24.56],[0,0],[87.12,0.16],[3.6,-1.12],[9.119,0.481],[14.8,18.079],[4.96,-8.56],[9.12,-20.079]],"v":[[309.96,-30.36],[252.44,-51.4],[-0.2,-15.96],[-252.92,-51.4],[-309.96,-30.6],[-303.8,32.84],[-290.12,59.32],[-292.36,-21],[-269.96,-33.961],[-258.92,-32.2],[-1.64,4.6],[1.16,4.6],[258.44,-32.2],[269.481,-33.961],[291.96,-21],[289.72,59.56],[303.8,33.079]],"c":true},"ix":2},"nm":"Path 1","mn":"ADBE Vector Shape - Group","hd":false},{"ty":"fl","c":{"a":0,"k":[0.922000002394,0.560999971278,0,1],"ix":4},"o":{"a":0,"k":100,"ix":5},"r":1,"bm":0,"nm":"Fill 1","mn":"ADBE Vector Graphic - Fill","hd":false},{"ty":"tr","p":{"a":0,"k":[321.09,59.89],"ix":2},"a":{"a":0,"k":[0,0],"ix":1},"s":{"a":0,"k":[100,100],"ix":3},"r":{"a":0,"k":0,"ix":6},"o":{"a":0,"k":100,"ix":7},"sk":{"a":0,"k":0,"ix":4},"sa":{"a":0,"k":0,"ix":5},"nm":"Transform"}],"nm":"Group 1","np":2,"cix":2,"bm":0,"ix":1,"mn":"ADBE Vector Group","hd":false},{"ty":"gr","it":[{"ind":0,"ty":"sh","ix":1,"ks":{"a":0,"k":{"i":[[21.6,-8.24],[85.52,0.4],[82.08,23.92],[11.2,-20.16],[0.801,-3.28],[-3.6,-1.439],[-107.681,1.28],[-93.279,44.32],[-2.801,1.44],[2.481,4.64]],"o":[[-82.08,23.92],[-85.52,0.4],[-21.52,-8.16],[-1.601,3.04],[2.64,1.36],[96.319,48.241],[103.28,1.2],[3.761,-1.6],[-0.641,-5.2],[-11.199,-20.16]],"v":[[252.12,-49.48],[-0.6,-14.04],[-253.32,-49.48],[-310.359,-28.68],[-314.041,-19.16],[-304.76,-15.001],[5.72,56.44],[304.359,-9.16],[314.041,-13.72],[309.24,-28.68]],"c":true},"ix":2},"nm":"Path 1","mn":"ADBE Vector Shape - Group","hd":false},{"ty":"fl","c":{"a":0,"k":[1,1,1,1],"ix":4},"o":{"a":0,"k":100,"ix":5},"r":1,"bm":0,"nm":"Fill 1","mn":"ADBE Vector Graphic - Fill","hd":false},{"ty":"tr","p":{"a":0,"k":[321.49,57.97],"ix":2},"a":{"a":0,"k":[0,0],"ix":1},"s":{"a":0,"k":[100,100],"ix":3},"r":{"a":0,"k":0,"ix":6},"o":{"a":0,"k":100,"ix":7},"sk":{"a":0,"k":0,"ix":4},"sa":{"a":0,"k":0,"ix":5},"nm":"Transform"}],"nm":"Group 2","np":2,"cix":2,"bm":0,"ix":2,"mn":"ADBE Vector Group","hd":false},{"ty":"gr","it":[{"ind":0,"ty":"sh","ix":1,"ks":{"a":1,"k":[{"i":{"x":0.425,"y":1},"o":{"x":0.616,"y":0},"t":0,"s":[{"i":[[10.881,20.08],[21.599,-8.16],[85.52,0.4],[82.081,23.92],[11.201,-20.16],[-9.201,-20.08],[-138.4,-0.4],[0,0],[-51.441,112.8]],"o":[[-11.199,-20.24],[-82.08,23.92],[-85.52,0.4],[-21.52,-8.16],[-10.879,20.08],[51.359,112.8],[0,0],[138.4,0],[9.119,-20.24]],"v":[[309.799,-107.44],[252.68,-128.4],[-0.04,-92.96],[-252.761,-128.4],[-309.801,-107.6],[-303.64,-44.16],[-0.68,136.56],[0.599,136.56],[303.64,-44.16]],"c":true}]},{"i":{"x":0.667,"y":1},"o":{"x":0.616,"y":0},"t":10,"s":[{"i":[[10.881,20.08],[21.599,-8.16],[85.52,0.4],[82.081,23.92],[11.201,-20.16],[-9.201,-20.08],[-138.4,-0.4],[0,0],[-51.441,112.8]],"o":[[-11.199,-20.24],[-82.08,23.92],[-85.52,0.4],[-21.52,-8.16],[-10.879,20.08],[51.359,112.8],[0,0],[138.4,0],[9.119,-20.24]],"v":[[309.799,-107.44],[252.68,-128.4],[-0.04,-92.96],[-252.761,-128.4],[-309.801,-107.6],[-303.64,-44.16],[-0.53,159.56],[0.749,159.56],[303.64,-44.16]],"c":true}]},{"i":{"x":0.425,"y":1},"o":{"x":0.616,"y":0},"t":20,"s":[{"i":[[10.881,20.08],[21.599,-8.16],[85.52,0.4],[82.081,23.92],[11.201,-20.16],[-9.201,-20.08],[-138.4,-0.4],[0,0],[-51.441,112.8]],"o":[[-11.199,-20.24],[-82.08,23.92],[-85.52,0.4],[-21.52,-8.16],[-10.879,20.08],[51.359,112.8],[0,0],[138.4,0],[9.119,-20.24]],"v":[[309.799,-107.44],[252.68,-128.4],[-0.04,-92.96],[-252.761,-128.4],[-309.801,-107.6],[-303.64,-44.16],[-0.68,136.56],[0.599,136.56],[303.64,-44.16]],"c":true}]},{"i":{"x":0.667,"y":1},"o":{"x":0.616,"y":0},"t":30,"s":[{"i":[[10.881,20.08],[21.599,-8.16],[85.52,0.4],[82.081,23.92],[11.201,-20.16],[-9.201,-20.08],[-138.4,-0.4],[0,0],[-51.441,112.8]],"o":[[-11.199,-20.24],[-82.08,23.92],[-85.52,0.4],[-21.52,-8.16],[-10.879,20.08],[51.359,112.8],[0,0],[138.4,0],[9.119,-20.24]],"v":[[309.799,-107.44],[252.68,-128.4],[-0.04,-92.96],[-252.761,-128.4],[-309.801,-107.6],[-303.64,-44.16],[-0.53,159.56],[0.749,159.56],[303.64,-44.16]],"c":true}]},{"i":{"x":0.425,"y":1},"o":{"x":0.616,"y":0},"t":40,"s":[{"i":[[10.881,20.08],[21.599,-8.16],[85.52,0.4],[82.081,23.92],[11.201,-20.16],[-9.201,-20.08],[-138.4,-0.4],[0,0],[-51.441,112.8]],"o":[[-11.199,-20.24],[-82.08,23.92],[-85.52,0.4],[-21.52,-8.16],[-10.879,20.08],[51.359,112.8],[0,0],[138.4,0],[9.119,-20.24]],"v":[[309.799,-107.44],[252.68,-128.4],[-0.04,-92.96],[-252.761,-128.4],[-309.801,-107.6],[-303.64,-44.16],[-0.68,136.56],[0.599,136.56],[303.64,-44.16]],"c":true}]},{"i":{"x":0.667,"y":1},"o":{"x":0.616,"y":0},"t":50,"s":[{"i":[[10.881,20.08],[21.599,-8.16],[85.52,0.4],[82.081,23.92],[11.201,-20.16],[-9.201,-20.08],[-138.4,-0.4],[0,0],[-51.441,112.8]],"o":[[-11.199,-20.24],[-82.08,23.92],[-85.52,0.4],[-21.52,-8.16],[-10.879,20.08],[51.359,112.8],[0,0],[138.4,0],[9.119,-20.24]],"v":[[309.799,-107.44],[252.68,-128.4],[-0.04,-92.96],[-252.761,-128.4],[-309.801,-107.6],[-303.64,-44.16],[-0.53,159.56],[0.749,159.56],[303.64,-44.16]],"c":true}]},{"i":{"x":0.425,"y":1},"o":{"x":0.616,"y":0},"t":60,"s":[{"i":[[10.881,20.08],[21.599,-8.16],[85.52,0.4],[82.081,23.92],[11.201,-20.16],[-9.201,-20.08],[-138.4,-0.4],[0,0],[-51.441,112.8]],"o":[[-11.199,-20.24],[-82.08,23.92],[-85.52,0.4],[-21.52,-8.16],[-10.879,20.08],[51.359,112.8],[0,0],[138.4,0],[9.119,-20.24]],"v":[[309.799,-107.44],[252.68,-128.4],[-0.04,-92.96],[-252.761,-128.4],[-309.801,-107.6],[-303.64,-44.16],[-0.68,136.56],[0.599,136.56],[303.64,-44.16]],"c":true}]},{"i":{"x":0.667,"y":1},"o":{"x":0.616,"y":0},"t":70,"s":[{"i":[[10.881,20.08],[21.599,-8.16],[85.52,0.4],[82.081,23.92],[11.201,-20.16],[-9.201,-20.08],[-138.4,-0.4],[0,0],[-51.441,112.8]],"o":[[-11.199,-20.24],[-82.08,23.92],[-85.52,0.4],[-21.52,-8.16],[-10.879,20.08],[51.359,112.8],[0,0],[138.4,0],[9.119,-20.24]],"v":[[309.799,-107.44],[252.68,-128.4],[-0.04,-92.96],[-252.761,-128.4],[-309.801,-107.6],[-303.64,-44.16],[-0.53,159.56],[0.749,159.56],[303.64,-44.16]],"c":true}]},{"i":{"x":0.425,"y":1},"o":{"x":0.616,"y":0},"t":80,"s":[{"i":[[10.881,20.08],[21.599,-8.16],[85.52,0.4],[82.081,23.92],[11.201,-20.16],[-9.201,-20.08],[-138.4,-0.4],[0,0],[-51.441,112.8]],"o":[[-11.199,-20.24],[-82.08,23.92],[-85.52,0.4],[-21.52,-8.16],[-10.879,20.08],[51.359,112.8],[0,0],[138.4,0],[9.119,-20.24]],"v":[[309.799,-107.44],[252.68,-128.4],[-0.04,-92.96],[-252.761,-128.4],[-309.801,-107.6],[-303.64,-44.16],[-0.68,136.56],[0.599,136.56],[303.64,-44.16]],"c":true}]},{"i":{"x":0.667,"y":1},"o":{"x":0.616,"y":0},"t":90,"s":[{"i":[[10.881,20.08],[21.599,-8.16],[85.52,0.4],[82.081,23.92],[11.201,-20.16],[-9.201,-20.08],[-138.4,-0.4],[0,0],[-51.441,112.8]],"o":[[-11.199,-20.24],[-82.08,23.92],[-85.52,0.4],[-21.52,-8.16],[-10.879,20.08],[51.359,112.8],[0,0],[138.4,0],[9.119,-20.24]],"v":[[309.799,-107.44],[252.68,-128.4],[-0.04,-92.96],[-252.761,-128.4],[-309.801,-107.6],[-303.64,-44.16],[-0.53,159.56],[0.749,159.56],[303.64,-44.16]],"c":true}]},{"i":{"x":0.425,"y":1},"o":{"x":0.616,"y":0},"t":100,"s":[{"i":[[10.881,20.08],[21.599,-8.16],[85.52,0.4],[82.081,23.92],[11.201,-20.16],[-9.201,-20.08],[-138.4,-0.4],[0,0],[-51.441,112.8]],"o":[[-11.199,-20.24],[-82.08,23.92],[-85.52,0.4],[-21.52,-8.16],[-10.879,20.08],[51.359,112.8],[0,0],[138.4,0],[9.119,-20.24]],"v":[[309.799,-107.44],[252.68,-128.4],[-0.04,-92.96],[-252.761,-128.4],[-309.801,-107.6],[-303.64,-44.16],[-0.68,136.56],[0.599,136.56],[303.64,-44.16]],"c":true}]},{"i":{"x":0.667,"y":1},"o":{"x":0.616,"y":0},"t":110,"s":[{"i":[[10.881,20.08],[21.599,-8.16],[85.52,0.4],[82.081,23.92],[11.201,-20.16],[-9.201,-20.08],[-138.4,-0.4],[0,0],[-51.441,112.8]],"o":[[-11.199,-20.24],[-82.08,23.92],[-85.52,0.4],[-21.52,-8.16],[-10.879,20.08],[51.359,112.8],[0,0],[138.4,0],[9.119,-20.24]],"v":[[309.799,-107.44],[252.68,-128.4],[-0.04,-92.96],[-252.761,-128.4],[-309.801,-107.6],[-303.64,-44.16],[-0.53,159.56],[0.749,159.56],[303.64,-44.16]],"c":true}]},{"i":{"x":0.425,"y":1},"o":{"x":0.616,"y":0},"t":120,"s":[{"i":[[10.881,20.08],[21.599,-8.16],[85.52,0.4],[82.081,23.92],[11.201,-20.16],[-9.201,-20.08],[-138.4,-0.4],[0,0],[-51.441,112.8]],"o":[[-11.199,-20.24],[-82.08,23.92],[-85.52,0.4],[-21.52,-8.16],[-10.879,20.08],[51.359,112.8],[0,0],[138.4,0],[9.119,-20.24]],"v":[[309.799,-107.44],[252.68,-128.4],[-0.04,-92.96],[-252.761,-128.4],[-309.801,-107.6],[-303.64,-44.16],[-0.68,136.56],[0.599,136.56],[303.64,-44.16]],"c":true}]},{"i":{"x":0.667,"y":1},"o":{"x":0.616,"y":0},"t":130,"s":[{"i":[[10.881,20.08],[21.599,-8.16],[85.52,0.4],[82.081,23.92],[11.201,-20.16],[-9.201,-20.08],[-138.4,-0.4],[0,0],[-51.441,112.8]],"o":[[-11.199,-20.24],[-82.08,23.92],[-85.52,0.4],[-21.52,-8.16],[-10.879,20.08],[51.359,112.8],[0,0],[138.4,0],[9.119,-20.24]],"v":[[309.799,-107.44],[252.68,-128.4],[-0.04,-92.96],[-252.761,-128.4],[-309.801,-107.6],[-303.64,-44.16],[-0.53,159.56],[0.749,159.56],[303.64,-44.16]],"c":true}]},{"i":{"x":0.425,"y":1},"o":{"x":0.616,"y":0},"t":140,"s":[{"i":[[10.881,20.08],[21.599,-8.16],[85.52,0.4],[82.081,23.92],[11.201,-20.16],[-9.201,-20.08],[-138.4,-0.4],[0,0],[-51.441,112.8]],"o":[[-11.199,-20.24],[-82.08,23.92],[-85.52,0.4],[-21.52,-8.16],[-10.879,20.08],[51.359,112.8],[0,0],[138.4,0],[9.119,-20.24]],"v":[[309.799,-107.44],[252.68,-128.4],[-0.04,-92.96],[-252.761,-128.4],[-309.801,-107.6],[-303.64,-44.16],[-0.68,136.56],[0.599,136.56],[303.64,-44.16]],"c":true}]},{"i":{"x":0,"y":1},"o":{"x":0.616,"y":0},"t":150,"s":[{"i":[[10.881,20.08],[21.599,-8.16],[85.52,0.4],[82.081,23.92],[11.201,-20.16],[-9.201,-20.08],[-138.4,-0.4],[0,0],[-51.441,112.8]],"o":[[-11.199,-20.24],[-82.08,23.92],[-85.52,0.4],[-21.52,-8.16],[-10.879,20.08],[51.359,112.8],[0,0],[138.4,0],[9.119,-20.24]],"v":[[309.799,-107.44],[252.68,-128.4],[-0.04,-92.96],[-252.761,-128.4],[-309.801,-107.6],[-303.64,-44.16],[-0.53,159.56],[0.749,159.56],[303.64,-44.16]],"c":true}]},{"i":{"x":0.425,"y":1},"o":{"x":0.894,"y":0},"t":164,"s":[{"i":[[10.881,20.08],[21.599,-8.16],[85.52,0.4],[82.081,23.92],[11.201,-20.16],[-9.201,-20.08],[-113.23,0.04],[0,0],[-51.441,112.8]],"o":[[-11.199,-20.24],[-82.08,23.92],[-85.52,0.4],[-21.52,-8.16],[-10.879,20.08],[51.359,112.8],[0,0],[109.491,-2.96],[9.119,-20.24]],"v":[[309.799,-107.44],[252.68,-128.4],[-0.04,-92.96],[-252.761,-128.4],[-309.801,-107.6],[-303.64,-44.16],[-0.53,117.56],[0.749,117.56],[303.64,-44.16]],"c":true}]},{"i":{"x":0.667,"y":1},"o":{"x":0.616,"y":0},"t":176,"s":[{"i":[[10.881,20.08],[21.599,-8.16],[85.52,0.4],[82.081,23.92],[11.201,-20.16],[-9.201,-20.08],[-138.4,-0.4],[0,0],[-51.441,112.8]],"o":[[-11.199,-20.24],[-82.08,23.92],[-85.52,0.4],[-21.52,-8.16],[-10.879,20.08],[51.359,112.8],[0,0],[138.4,0],[9.119,-20.24]],"v":[[309.799,-107.44],[252.68,-128.4],[-0.04,-92.96],[-252.761,-128.4],[-309.801,-107.6],[-303.64,-44.16],[-0.53,159.56],[0.749,159.56],[303.64,-44.16]],"c":true}]},{"t":186,"s":[{"i":[[10.881,20.08],[21.599,-8.16],[85.52,0.4],[82.081,23.92],[11.201,-20.16],[-9.201,-20.08],[-138.4,-0.4],[0,0],[-51.441,112.8]],"o":[[-11.199,-20.24],[-82.08,23.92],[-85.52,0.4],[-21.52,-8.16],[-10.879,20.08],[51.359,112.8],[0,0],[138.4,0],[9.119,-20.24]],"v":[[309.799,-107.44],[252.68,-128.4],[-0.04,-92.96],[-252.761,-128.4],[-309.801,-107.6],[-303.64,-44.16],[-0.68,136.56],[0.599,136.56],[303.64,-44.16]],"c":true}]}],"ix":2},"nm":"Path 1","mn":"ADBE Vector Shape - Group","hd":false},{"ty":"fl","c":{"a":0,"k":[0.258999992819,0.169000004787,0.051000000449,1],"ix":4},"o":{"a":0,"k":100,"ix":5},"r":1,"bm":0,"nm":"Fill 1","mn":"ADBE Vector Graphic - Fill","hd":false},{"ty":"tr","p":{"a":0,"k":[320.931,136.89],"ix":2},"a":{"a":0,"k":[0,0],"ix":1},"s":{"a":0,"k":[100,100],"ix":3},"r":{"a":0,"k":0,"ix":6},"o":{"a":0,"k":100,"ix":7},"sk":{"a":0,"k":0,"ix":4},"sa":{"a":0,"k":0,"ix":5},"nm":"Transform"}],"nm":"Group 3","np":2,"cix":2,"bm":0,"ix":3,"mn":"ADBE Vector Group","hd":false}],"ip":0,"op":186,"st":0,"bm":0},{"ddd":0,"ind":4,"ty":4,"nm":"tongue","parent":5,"tt":1,"sr":1,"ks":{"o":{"a":0,"k":100,"ix":11},"r":{"a":0,"k":0,"ix":10},"p":{"a":1,"k":[{"i":{"x":0.425,"y":1},"o":{"x":0.616,"y":0},"t":0,"s":[318.49,231.97,0],"to":[0,5,0],"ti":[0,0,0]},{"i":{"x":0.667,"y":1},"o":{"x":0.616,"y":0},"t":12,"s":[318.49,261.97,0],"to":[0,0,0],"ti":[0,0,0]},{"i":{"x":0.425,"y":1},"o":{"x":0.616,"y":0},"t":22,"s":[318.49,231.97,0],"to":[0,0,0],"ti":[0,0,0]},{"i":{"x":0.667,"y":1},"o":{"x":0.616,"y":0},"t":32,"s":[318.49,261.97,0],"to":[0,0,0],"ti":[0,0,0]},{"i":{"x":0.425,"y":1},"o":{"x":0.616,"y":0},"t":42,"s":[318.49,231.97,0],"to":[0,0,0],"ti":[0,0,0]},{"i":{"x":0.667,"y":1},"o":{"x":0.616,"y":0},"t":52,"s":[318.49,261.97,0],"to":[0,0,0],"ti":[0,0,0]},{"i":{"x":0.425,"y":1},"o":{"x":0.616,"y":0},"t":62,"s":[318.49,231.97,0],"to":[0,0,0],"ti":[0,0,0]},{"i":{"x":0.667,"y":1},"o":{"x":0.616,"y":0},"t":72,"s":[318.49,261.97,0],"to":[0,0,0],"ti":[0,0,0]},{"i":{"x":0.425,"y":1},"o":{"x":0.616,"y":0},"t":82,"s":[318.49,231.97,0],"to":[0,0,0],"ti":[0,0,0]},{"i":{"x":0.667,"y":1},"o":{"x":0.616,"y":0},"t":92,"s":[318.49,261.97,0],"to":[0,0,0],"ti":[0,0,0]},{"i":{"x":0.425,"y":1},"o":{"x":0.616,"y":0},"t":102,"s":[318.49,231.97,0],"to":[0,0,0],"ti":[0,0,0]},{"i":{"x":0.667,"y":1},"o":{"x":0.616,"y":0},"t":112,"s":[318.49,261.97,0],"to":[0,0,0],"ti":[0,0,0]},{"i":{"x":0.425,"y":1},"o":{"x":0.616,"y":0},"t":122,"s":[318.49,231.97,0],"to":[0,0,0],"ti":[0,0,0]},{"i":{"x":0.667,"y":1},"o":{"x":0.616,"y":0},"t":132,"s":[318.49,261.97,0],"to":[0,0,0],"ti":[0,0,0]},{"i":{"x":0.425,"y":1},"o":{"x":0.616,"y":0},"t":142,"s":[318.49,231.97,0],"to":[0,0,0],"ti":[0,-1.333,0]},{"i":{"x":0,"y":1},"o":{"x":0.616,"y":0},"t":152,"s":[318.49,261.97,0],"to":[0,1.333,0],"ti":[0,0,0]},{"i":{"x":0.425,"y":1},"o":{"x":0.894,"y":0},"t":170,"s":[318.49,239.97,0],"to":[0,0,0],"ti":[0,1.333,0]},{"i":{"x":0.667,"y":1},"o":{"x":0.616,"y":0},"t":178,"s":[318.49,261.97,0],"to":[0,-1.333,0],"ti":[0,5,0]},{"t":188,"s":[318.49,231.97,0]}],"ix":2,"l":2},"a":{"a":0,"k":[136.251,42.77,0],"ix":1,"l":2},"s":{"a":0,"k":[100,100,100],"ix":6,"l":2}},"ao":0,"shapes":[{"ty":"gr","it":[{"ind":0,"ty":"sh","ix":1,"ks":{"a":0,"k":{"i":[[2.08,2.72],[3.04,2.8],[43.52,-0.88],[34.96,-28],[2.96,-3.12],[1.92,-2.64],[-47.28,0.24],[0,0],[14.679,65.204]],"o":[[-2.96,-2.72],[-32.64,-28.72],[-44.8,-0.72],[-3.04,2.479],[-2.96,3.12],[-1.32,59.964],[0,0],[45.28,0],[-1.601,-3.04]],"v":[[130.48,9.64],[121.439,1.64],[3.04,-41.64],[-120.321,0.52],[-129.52,8.52],[-136.001,16.52],[-16.84,136.28],[-15.561,136.28],[136.001,18.28]],"c":true},"ix":2},"nm":"Path 1","mn":"ADBE Vector Shape - Group","hd":false},{"ty":"fl","c":{"a":0,"k":[0.929000016755,0.46699999641,0.438999998803,1],"ix":4},"o":{"a":0,"k":100,"ix":5},"r":1,"bm":0,"nm":"Fill 1","mn":"ADBE Vector Graphic - Fill","hd":false},{"ty":"tr","p":{"a":0,"k":[136.251,42.77],"ix":2},"a":{"a":0,"k":[0,0],"ix":1},"s":{"a":0,"k":[100,100],"ix":3},"r":{"a":0,"k":0,"ix":6},"o":{"a":0,"k":100,"ix":7},"sk":{"a":0,"k":0,"ix":4},"sa":{"a":0,"k":0,"ix":5},"nm":"Transform"}],"nm":"Group 1","np":2,"cix":2,"bm":0,"ix":1,"mn":"ADBE Vector Group","hd":false}],"ip":0,"op":186,"st":0,"bm":0},{"ddd":0,"ind":5,"ty":4,"nm":"mouth","parent":2,"sr":1,"ks":{"o":{"a":0,"k":100,"ix":11},"r":{"a":0,"k":0,"ix":10},"p":{"a":0,"k":[506.92,680.36,0],"ix":2,"l":2},"a":{"a":0,"k":[321.09,136.85,0],"ix":1,"l":2},"s":{"a":0,"k":[100,100,100],"ix":6,"l":2}},"ao":0,"shapes":[{"ty":"gr","it":[{"ind":0,"ty":"sh","ix":1,"ks":{"a":0,"k":{"i":[[10.88,20.16],[21.76,-8.16],[85.44,0.4],[82.08,23.92],[11.2,-20.16],[-9.2,-20.08],[-5.04,-8.56],[-14.56,18.079],[-9.12,0.481],[-3.6,-1.12],[-87.12,0.16],[0,0],[-83.52,24.56],[-3.761,0],[-4.96,-7.68],[0,0],[-4.16,9.121]],"o":[[-11.36,-20.24],[-82.08,23.92],[-85.52,0.4],[-21.52,-8.16],[-10.88,20.08],[4.08,9.04],[0,0],[4.96,-7.68],[3.76,0],[83.52,24.56],[0,0],[87.12,0.16],[3.6,-1.12],[9.119,0.481],[14.8,18.079],[4.96,-8.56],[9.12,-20.079]],"v":[[309.96,-30.36],[252.44,-51.4],[-0.2,-15.96],[-252.92,-51.4],[-309.96,-30.6],[-303.8,32.84],[-290.12,59.32],[-292.36,-21],[-269.96,-33.961],[-258.92,-32.2],[-1.64,4.6],[1.16,4.6],[258.44,-32.2],[269.481,-33.961],[291.96,-21],[289.72,59.56],[303.8,33.079]],"c":true},"ix":2},"nm":"Path 1","mn":"ADBE Vector Shape - Group","hd":false},{"ty":"fl","c":{"a":0,"k":[0.922000002394,0.560999971278,0,1],"ix":4},"o":{"a":0,"k":100,"ix":5},"r":1,"bm":0,"nm":"Fill 1","mn":"ADBE Vector Graphic - Fill","hd":false},{"ty":"tr","p":{"a":0,"k":[321.09,59.89],"ix":2},"a":{"a":0,"k":[0,0],"ix":1},"s":{"a":0,"k":[100,100],"ix":3},"r":{"a":0,"k":0,"ix":6},"o":{"a":0,"k":100,"ix":7},"sk":{"a":0,"k":0,"ix":4},"sa":{"a":0,"k":0,"ix":5},"nm":"Transform"}],"nm":"Group 1","np":2,"cix":2,"bm":0,"ix":1,"mn":"ADBE Vector Group","hd":false},{"ty":"gr","it":[{"ind":0,"ty":"sh","ix":1,"ks":{"a":0,"k":{"i":[[21.6,-8.24],[85.52,0.4],[82.08,23.92],[11.2,-20.16],[0.801,-3.28],[-3.6,-1.439],[-107.681,1.28],[-93.279,44.32],[-2.801,1.44],[2.481,4.64]],"o":[[-82.08,23.92],[-85.52,0.4],[-21.52,-8.16],[-1.601,3.04],[2.64,1.36],[96.319,48.241],[103.28,1.2],[3.761,-1.6],[-0.641,-5.2],[-11.199,-20.16]],"v":[[252.12,-49.48],[-0.6,-14.04],[-253.32,-49.48],[-310.359,-28.68],[-314.041,-19.16],[-304.76,-15.001],[5.72,56.44],[304.359,-9.16],[314.041,-13.72],[309.24,-28.68]],"c":true},"ix":2},"nm":"Path 1","mn":"ADBE Vector Shape - Group","hd":false},{"ty":"fl","c":{"a":0,"k":[1,1,1,1],"ix":4},"o":{"a":0,"k":100,"ix":5},"r":1,"bm":0,"nm":"Fill 1","mn":"ADBE Vector Graphic - Fill","hd":false},{"ty":"tr","p":{"a":0,"k":[321.49,57.97],"ix":2},"a":{"a":0,"k":[0,0],"ix":1},"s":{"a":0,"k":[100,100],"ix":3},"r":{"a":0,"k":0,"ix":6},"o":{"a":0,"k":100,"ix":7},"sk":{"a":0,"k":0,"ix":4},"sa":{"a":0,"k":0,"ix":5},"nm":"Transform"}],"nm":"Group 2","np":2,"cix":2,"bm":0,"ix":2,"mn":"ADBE Vector Group","hd":false},{"ty":"gr","it":[{"ind":0,"ty":"sh","ix":1,"ks":{"a":1,"k":[{"i":{"x":0.425,"y":1},"o":{"x":0.616,"y":0},"t":0,"s":[{"i":[[10.881,20.08],[21.599,-8.16],[85.52,0.4],[82.081,23.92],[11.201,-20.16],[-9.201,-20.08],[-138.4,-0.4],[0,0],[-51.441,112.8]],"o":[[-11.199,-20.24],[-82.08,23.92],[-85.52,0.4],[-21.52,-8.16],[-10.879,20.08],[51.359,112.8],[0,0],[138.4,0],[9.119,-20.24]],"v":[[309.799,-107.44],[252.68,-128.4],[-0.04,-92.96],[-252.761,-128.4],[-309.801,-107.6],[-303.64,-44.16],[-0.68,136.56],[0.599,136.56],[303.64,-44.16]],"c":true}]},{"i":{"x":0.667,"y":1},"o":{"x":0.616,"y":0},"t":10,"s":[{"i":[[10.881,20.08],[21.599,-8.16],[85.52,0.4],[82.081,23.92],[11.201,-20.16],[-9.201,-20.08],[-138.4,-0.4],[0,0],[-51.441,112.8]],"o":[[-11.199,-20.24],[-82.08,23.92],[-85.52,0.4],[-21.52,-8.16],[-10.879,20.08],[51.359,112.8],[0,0],[138.4,0],[9.119,-20.24]],"v":[[309.799,-107.44],[252.68,-128.4],[-0.04,-92.96],[-252.761,-128.4],[-309.801,-107.6],[-303.64,-44.16],[-0.53,159.56],[0.749,159.56],[303.64,-44.16]],"c":true}]},{"i":{"x":0.425,"y":1},"o":{"x":0.616,"y":0},"t":20,"s":[{"i":[[10.881,20.08],[21.599,-8.16],[85.52,0.4],[82.081,23.92],[11.201,-20.16],[-9.201,-20.08],[-138.4,-0.4],[0,0],[-51.441,112.8]],"o":[[-11.199,-20.24],[-82.08,23.92],[-85.52,0.4],[-21.52,-8.16],[-10.879,20.08],[51.359,112.8],[0,0],[138.4,0],[9.119,-20.24]],"v":[[309.799,-107.44],[252.68,-128.4],[-0.04,-92.96],[-252.761,-128.4],[-309.801,-107.6],[-303.64,-44.16],[-0.68,136.56],[0.599,136.56],[303.64,-44.16]],"c":true}]},{"i":{"x":0.667,"y":1},"o":{"x":0.616,"y":0},"t":30,"s":[{"i":[[10.881,20.08],[21.599,-8.16],[85.52,0.4],[82.081,23.92],[11.201,-20.16],[-9.201,-20.08],[-138.4,-0.4],[0,0],[-51.441,112.8]],"o":[[-11.199,-20.24],[-82.08,23.92],[-85.52,0.4],[-21.52,-8.16],[-10.879,20.08],[51.359,112.8],[0,0],[138.4,0],[9.119,-20.24]],"v":[[309.799,-107.44],[252.68,-128.4],[-0.04,-92.96],[-252.761,-128.4],[-309.801,-107.6],[-303.64,-44.16],[-0.53,159.56],[0.749,159.56],[303.64,-44.16]],"c":true}]},{"i":{"x":0.425,"y":1},"o":{"x":0.616,"y":0},"t":40,"s":[{"i":[[10.881,20.08],[21.599,-8.16],[85.52,0.4],[82.081,23.92],[11.201,-20.16],[-9.201,-20.08],[-138.4,-0.4],[0,0],[-51.441,112.8]],"o":[[-11.199,-20.24],[-82.08,23.92],[-85.52,0.4],[-21.52,-8.16],[-10.879,20.08],[51.359,112.8],[0,0],[138.4,0],[9.119,-20.24]],"v":[[309.799,-107.44],[252.68,-128.4],[-0.04,-92.96],[-252.761,-128.4],[-309.801,-107.6],[-303.64,-44.16],[-0.68,136.56],[0.599,136.56],[303.64,-44.16]],"c":true}]},{"i":{"x":0.667,"y":1},"o":{"x":0.616,"y":0},"t":50,"s":[{"i":[[10.881,20.08],[21.599,-8.16],[85.52,0.4],[82.081,23.92],[11.201,-20.16],[-9.201,-20.08],[-138.4,-0.4],[0,0],[-51.441,112.8]],"o":[[-11.199,-20.24],[-82.08,23.92],[-85.52,0.4],[-21.52,-8.16],[-10.879,20.08],[51.359,112.8],[0,0],[138.4,0],[9.119,-20.24]],"v":[[309.799,-107.44],[252.68,-128.4],[-0.04,-92.96],[-252.761,-128.4],[-309.801,-107.6],[-303.64,-44.16],[-0.53,159.56],[0.749,159.56],[303.64,-44.16]],"c":true}]},{"i":{"x":0.425,"y":1},"o":{"x":0.616,"y":0},"t":60,"s":[{"i":[[10.881,20.08],[21.599,-8.16],[85.52,0.4],[82.081,23.92],[11.201,-20.16],[-9.201,-20.08],[-138.4,-0.4],[0,0],[-51.441,112.8]],"o":[[-11.199,-20.24],[-82.08,23.92],[-85.52,0.4],[-21.52,-8.16],[-10.879,20.08],[51.359,112.8],[0,0],[138.4,0],[9.119,-20.24]],"v":[[309.799,-107.44],[252.68,-128.4],[-0.04,-92.96],[-252.761,-128.4],[-309.801,-107.6],[-303.64,-44.16],[-0.68,136.56],[0.599,136.56],[303.64,-44.16]],"c":true}]},{"i":{"x":0.667,"y":1},"o":{"x":0.616,"y":0},"t":70,"s":[{"i":[[10.881,20.08],[21.599,-8.16],[85.52,0.4],[82.081,23.92],[11.201,-20.16],[-9.201,-20.08],[-138.4,-0.4],[0,0],[-51.441,112.8]],"o":[[-11.199,-20.24],[-82.08,23.92],[-85.52,0.4],[-21.52,-8.16],[-10.879,20.08],[51.359,112.8],[0,0],[138.4,0],[9.119,-20.24]],"v":[[309.799,-107.44],[252.68,-128.4],[-0.04,-92.96],[-252.761,-128.4],[-309.801,-107.6],[-303.64,-44.16],[-0.53,159.56],[0.749,159.56],[303.64,-44.16]],"c":true}]},{"i":{"x":0.425,"y":1},"o":{"x":0.616,"y":0},"t":80,"s":[{"i":[[10.881,20.08],[21.599,-8.16],[85.52,0.4],[82.081,23.92],[11.201,-20.16],[-9.201,-20.08],[-138.4,-0.4],[0,0],[-51.441,112.8]],"o":[[-11.199,-20.24],[-82.08,23.92],[-85.52,0.4],[-21.52,-8.16],[-10.879,20.08],[51.359,112.8],[0,0],[138.4,0],[9.119,-20.24]],"v":[[309.799,-107.44],[252.68,-128.4],[-0.04,-92.96],[-252.761,-128.4],[-309.801,-107.6],[-303.64,-44.16],[-0.68,136.56],[0.599,136.56],[303.64,-44.16]],"c":true}]},{"i":{"x":0.667,"y":1},"o":{"x":0.616,"y":0},"t":90,"s":[{"i":[[10.881,20.08],[21.599,-8.16],[85.52,0.4],[82.081,23.92],[11.201,-20.16],[-9.201,-20.08],[-138.4,-0.4],[0,0],[-51.441,112.8]],"o":[[-11.199,-20.24],[-82.08,23.92],[-85.52,0.4],[-21.52,-8.16],[-10.879,20.08],[51.359,112.8],[0,0],[138.4,0],[9.119,-20.24]],"v":[[309.799,-107.44],[252.68,-128.4],[-0.04,-92.96],[-252.761,-128.4],[-309.801,-107.6],[-303.64,-44.16],[-0.53,159.56],[0.749,159.56],[303.64,-44.16]],"c":true}]},{"i":{"x":0.425,"y":1},"o":{"x":0.616,"y":0},"t":100,"s":[{"i":[[10.881,20.08],[21.599,-8.16],[85.52,0.4],[82.081,23.92],[11.201,-20.16],[-9.201,-20.08],[-138.4,-0.4],[0,0],[-51.441,112.8]],"o":[[-11.199,-20.24],[-82.08,23.92],[-85.52,0.4],[-21.52,-8.16],[-10.879,20.08],[51.359,112.8],[0,0],[138.4,0],[9.119,-20.24]],"v":[[309.799,-107.44],[252.68,-128.4],[-0.04,-92.96],[-252.761,-128.4],[-309.801,-107.6],[-303.64,-44.16],[-0.68,136.56],[0.599,136.56],[303.64,-44.16]],"c":true}]},{"i":{"x":0.667,"y":1},"o":{"x":0.616,"y":0},"t":110,"s":[{"i":[[10.881,20.08],[21.599,-8.16],[85.52,0.4],[82.081,23.92],[11.201,-20.16],[-9.201,-20.08],[-138.4,-0.4],[0,0],[-51.441,112.8]],"o":[[-11.199,-20.24],[-82.08,23.92],[-85.52,0.4],[-21.52,-8.16],[-10.879,20.08],[51.359,112.8],[0,0],[138.4,0],[9.119,-20.24]],"v":[[309.799,-107.44],[252.68,-128.4],[-0.04,-92.96],[-252.761,-128.4],[-309.801,-107.6],[-303.64,-44.16],[-0.53,159.56],[0.749,159.56],[303.64,-44.16]],"c":true}]},{"i":{"x":0.425,"y":1},"o":{"x":0.616,"y":0},"t":120,"s":[{"i":[[10.881,20.08],[21.599,-8.16],[85.52,0.4],[82.081,23.92],[11.201,-20.16],[-9.201,-20.08],[-138.4,-0.4],[0,0],[-51.441,112.8]],"o":[[-11.199,-20.24],[-82.08,23.92],[-85.52,0.4],[-21.52,-8.16],[-10.879,20.08],[51.359,112.8],[0,0],[138.4,0],[9.119,-20.24]],"v":[[309.799,-107.44],[252.68,-128.4],[-0.04,-92.96],[-252.761,-128.4],[-309.801,-107.6],[-303.64,-44.16],[-0.68,136.56],[0.599,136.56],[303.64,-44.16]],"c":true}]},{"i":{"x":0.667,"y":1},"o":{"x":0.616,"y":0},"t":130,"s":[{"i":[[10.881,20.08],[21.599,-8.16],[85.52,0.4],[82.081,23.92],[11.201,-20.16],[-9.201,-20.08],[-138.4,-0.4],[0,0],[-51.441,112.8]],"o":[[-11.199,-20.24],[-82.08,23.92],[-85.52,0.4],[-21.52,-8.16],[-10.879,20.08],[51.359,112.8],[0,0],[138.4,0],[9.119,-20.24]],"v":[[309.799,-107.44],[252.68,-128.4],[-0.04,-92.96],[-252.761,-128.4],[-309.801,-107.6],[-303.64,-44.16],[-0.53,159.56],[0.749,159.56],[303.64,-44.16]],"c":true}]},{"i":{"x":0.425,"y":1},"o":{"x":0.616,"y":0},"t":140,"s":[{"i":[[10.881,20.08],[21.599,-8.16],[85.52,0.4],[82.081,23.92],[11.201,-20.16],[-9.201,-20.08],[-138.4,-0.4],[0,0],[-51.441,112.8]],"o":[[-11.199,-20.24],[-82.08,23.92],[-85.52,0.4],[-21.52,-8.16],[-10.879,20.08],[51.359,112.8],[0,0],[138.4,0],[9.119,-20.24]],"v":[[309.799,-107.44],[252.68,-128.4],[-0.04,-92.96],[-252.761,-128.4],[-309.801,-107.6],[-303.64,-44.16],[-0.68,136.56],[0.599,136.56],[303.64,-44.16]],"c":true}]},{"i":{"x":0,"y":1},"o":{"x":0.616,"y":0},"t":150,"s":[{"i":[[10.881,20.08],[21.599,-8.16],[85.52,0.4],[82.081,23.92],[11.201,-20.16],[-9.201,-20.08],[-138.4,-0.4],[0,0],[-51.441,112.8]],"o":[[-11.199,-20.24],[-82.08,23.92],[-85.52,0.4],[-21.52,-8.16],[-10.879,20.08],[51.359,112.8],[0,0],[138.4,0],[9.119,-20.24]],"v":[[309.799,-107.44],[252.68,-128.4],[-0.04,-92.96],[-252.761,-128.4],[-309.801,-107.6],[-303.64,-44.16],[-0.53,159.56],[0.749,159.56],[303.64,-44.16]],"c":true}]},{"i":{"x":0.425,"y":1},"o":{"x":0.894,"y":0},"t":164,"s":[{"i":[[10.881,20.08],[21.599,-8.16],[85.52,0.4],[82.081,23.92],[11.201,-20.16],[-9.201,-20.08],[-113.23,0.04],[0,0],[-51.441,112.8]],"o":[[-11.199,-20.24],[-82.08,23.92],[-85.52,0.4],[-21.52,-8.16],[-10.879,20.08],[51.359,112.8],[0,0],[109.491,-2.96],[9.119,-20.24]],"v":[[309.799,-107.44],[252.68,-128.4],[-0.04,-92.96],[-252.761,-128.4],[-309.801,-107.6],[-303.64,-44.16],[-0.53,117.56],[0.749,117.56],[303.64,-44.16]],"c":true}]},{"i":{"x":0.667,"y":1},"o":{"x":0.616,"y":0},"t":176,"s":[{"i":[[10.881,20.08],[21.599,-8.16],[85.52,0.4],[82.081,23.92],[11.201,-20.16],[-9.201,-20.08],[-138.4,-0.4],[0,0],[-51.441,112.8]],"o":[[-11.199,-20.24],[-82.08,23.92],[-85.52,0.4],[-21.52,-8.16],[-10.879,20.08],[51.359,112.8],[0,0],[138.4,0],[9.119,-20.24]],"v":[[309.799,-107.44],[252.68,-128.4],[-0.04,-92.96],[-252.761,-128.4],[-309.801,-107.6],[-303.64,-44.16],[-0.53,159.56],[0.749,159.56],[303.64,-44.16]],"c":true}]},{"t":186,"s":[{"i":[[10.881,20.08],[21.599,-8.16],[85.52,0.4],[82.081,23.92],[11.201,-20.16],[-9.201,-20.08],[-138.4,-0.4],[0,0],[-51.441,112.8]],"o":[[-11.199,-20.24],[-82.08,23.92],[-85.52,0.4],[-21.52,-8.16],[-10.879,20.08],[51.359,112.8],[0,0],[138.4,0],[9.119,-20.24]],"v":[[309.799,-107.44],[252.68,-128.4],[-0.04,-92.96],[-252.761,-128.4],[-309.801,-107.6],[-303.64,-44.16],[-0.68,136.56],[0.599,136.56],[303.64,-44.16]],"c":true}]}],"ix":2},"nm":"Path 1","mn":"ADBE Vector Shape - Group","hd":false},{"ty":"fl","c":{"a":0,"k":[0.258999992819,0.169000004787,0.051000000449,1],"ix":4},"o":{"a":0,"k":100,"ix":5},"r":1,"bm":0,"nm":"Fill 1","mn":"ADBE Vector Graphic - Fill","hd":false},{"ty":"tr","p":{"a":0,"k":[320.931,136.89],"ix":2},"a":{"a":0,"k":[0,0],"ix":1},"s":{"a":0,"k":[100,100],"ix":3},"r":{"a":0,"k":0,"ix":6},"o":{"a":0,"k":100,"ix":7},"sk":{"a":0,"k":0,"ix":4},"sa":{"a":0,"k":0,"ix":5},"nm":"Transform"}],"nm":"Group 3","np":2,"cix":2,"bm":0,"ix":3,"mn":"ADBE Vector Group","hd":false}],"ip":0,"op":186,"st":0,"bm":0},{"ddd":0,"ind":6,"ty":4,"nm":"eye3","parent":2,"sr":1,"ks":{"o":{"a":0,"k":100,"ix":11},"r":{"a":0,"k":0,"ix":10},"p":{"a":0,"k":[343.781,421.38,0],"ix":2,"l":2},"a":{"a":0,"k":[126.41,103.77,0],"ix":1,"l":2},"s":{"a":0,"k":[-100,100,100],"ix":6,"l":2}},"ao":0,"shapes":[{"ty":"gr","it":[{"ind":0,"ty":"sh","ix":1,"ks":{"a":1,"k":[{"i":{"x":0.425,"y":1},"o":{"x":0.616,"y":0},"t":0,"s":[{"i":[[19.36,5.36],[0,0],[0,0],[0,0],[8.641,16.4],[3.36,2.8],[17.04,-10.8],[0,0],[-1.519,-4.08],[-2.96,-0.4],[0,0],[-1.281,-0.32],[-3.76,23.12]],"o":[[0,0],[0,0],[0,0],[16.401,-8.64],[-2.08,-3.92],[-16,-12.24],[0,0],[-4.16,1.52],[1.04,2.8],[0,0],[1.279,0.48],[24,6.72],[2.801,-17.28]],"v":[[93.199,27.52],[-4.24,8.64],[96.16,-33.04],[99.519,-34.88],[113.519,-80.16],[105.279,-90.32],[50.319,-92.72],[-119.92,11.28],[-124.641,21.52],[-118.16,26.72],[65.12,95.52],[68.96,96.8],[123.359,66.56]],"c":true}]},{"i":{"x":0.667,"y":1},"o":{"x":0.616,"y":0},"t":10,"s":[{"i":[[19.36,5.36],[0,0],[0,0],[0,0],[8.641,16.4],[3.36,2.8],[17.04,-10.8],[0,0],[-1.519,-4.08],[-2.96,-0.4],[0,0],[-1.281,-0.32],[-3.76,23.12]],"o":[[0,0],[0,0],[0,0],[16.401,-8.64],[-2.08,-3.92],[-16,-12.24],[0,0],[-4.16,1.52],[1.04,2.8],[0,0],[1.279,0.48],[24,6.72],[2.801,-17.28]],"v":[[84.199,32.52],[-4.24,8.64],[86.16,-43.04],[89.519,-44.88],[103.519,-90.16],[95.279,-100.32],[40.319,-102.72],[-119.92,11.28],[-124.641,21.52],[-118.16,26.72],[56.12,100.52],[59.96,101.8],[114.359,71.56]],"c":true}]},{"i":{"x":0.425,"y":1},"o":{"x":0.616,"y":0},"t":20,"s":[{"i":[[19.36,5.36],[0,0],[0,0],[0,0],[8.641,16.4],[3.36,2.8],[17.04,-10.8],[0,0],[-1.519,-4.08],[-2.96,-0.4],[0,0],[-1.281,-0.32],[-3.76,23.12]],"o":[[0,0],[0,0],[0,0],[16.401,-8.64],[-2.08,-3.92],[-16,-12.24],[0,0],[-4.16,1.52],[1.04,2.8],[0,0],[1.279,0.48],[24,6.72],[2.801,-17.28]],"v":[[93.199,27.52],[-4.24,8.64],[96.16,-33.04],[99.519,-34.88],[113.519,-80.16],[105.279,-90.32],[50.319,-92.72],[-119.92,11.28],[-124.641,21.52],[-118.16,26.72],[65.12,95.52],[68.96,96.8],[123.359,66.56]],"c":true}]},{"i":{"x":0.667,"y":1},"o":{"x":0.616,"y":0},"t":30,"s":[{"i":[[19.36,5.36],[0,0],[0,0],[0,0],[8.641,16.4],[3.36,2.8],[17.04,-10.8],[0,0],[-1.519,-4.08],[-2.96,-0.4],[0,0],[-1.281,-0.32],[-3.76,23.12]],"o":[[0,0],[0,0],[0,0],[16.401,-8.64],[-2.08,-3.92],[-16,-12.24],[0,0],[-4.16,1.52],[1.04,2.8],[0,0],[1.279,0.48],[24,6.72],[2.801,-17.28]],"v":[[84.199,32.52],[-4.24,8.64],[86.16,-43.04],[89.519,-44.88],[103.519,-90.16],[95.279,-100.32],[40.319,-102.72],[-119.92,11.28],[-124.641,21.52],[-118.16,26.72],[56.12,100.52],[59.96,101.8],[114.359,71.56]],"c":true}]},{"i":{"x":0.425,"y":1},"o":{"x":0.616,"y":0},"t":40,"s":[{"i":[[19.36,5.36],[0,0],[0,0],[0,0],[8.641,16.4],[3.36,2.8],[17.04,-10.8],[0,0],[-1.519,-4.08],[-2.96,-0.4],[0,0],[-1.281,-0.32],[-3.76,23.12]],"o":[[0,0],[0,0],[0,0],[16.401,-8.64],[-2.08,-3.92],[-16,-12.24],[0,0],[-4.16,1.52],[1.04,2.8],[0,0],[1.279,0.48],[24,6.72],[2.801,-17.28]],"v":[[93.199,27.52],[-4.24,8.64],[96.16,-33.04],[99.519,-34.88],[113.519,-80.16],[105.279,-90.32],[50.319,-92.72],[-119.92,11.28],[-124.641,21.52],[-118.16,26.72],[65.12,95.52],[68.96,96.8],[123.359,66.56]],"c":true}]},{"i":{"x":0.667,"y":1},"o":{"x":0.616,"y":0},"t":50,"s":[{"i":[[19.36,5.36],[0,0],[0,0],[0,0],[8.641,16.4],[3.36,2.8],[17.04,-10.8],[0,0],[-1.519,-4.08],[-2.96,-0.4],[0,0],[-1.281,-0.32],[-3.76,23.12]],"o":[[0,0],[0,0],[0,0],[16.401,-8.64],[-2.08,-3.92],[-16,-12.24],[0,0],[-4.16,1.52],[1.04,2.8],[0,0],[1.279,0.48],[24,6.72],[2.801,-17.28]],"v":[[84.199,32.52],[-4.24,8.64],[86.16,-43.04],[89.519,-44.88],[103.519,-90.16],[95.279,-100.32],[40.319,-102.72],[-119.92,11.28],[-124.641,21.52],[-118.16,26.72],[56.12,100.52],[59.96,101.8],[114.359,71.56]],"c":true}]},{"i":{"x":0.425,"y":1},"o":{"x":0.616,"y":0},"t":60,"s":[{"i":[[19.36,5.36],[0,0],[0,0],[0,0],[8.641,16.4],[3.36,2.8],[17.04,-10.8],[0,0],[-1.519,-4.08],[-2.96,-0.4],[0,0],[-1.281,-0.32],[-3.76,23.12]],"o":[[0,0],[0,0],[0,0],[16.401,-8.64],[-2.08,-3.92],[-16,-12.24],[0,0],[-4.16,1.52],[1.04,2.8],[0,0],[1.279,0.48],[24,6.72],[2.801,-17.28]],"v":[[93.199,27.52],[-4.24,8.64],[96.16,-33.04],[99.519,-34.88],[113.519,-80.16],[105.279,-90.32],[50.319,-92.72],[-119.92,11.28],[-124.641,21.52],[-118.16,26.72],[65.12,95.52],[68.96,96.8],[123.359,66.56]],"c":true}]},{"i":{"x":0.667,"y":1},"o":{"x":0.616,"y":0},"t":70,"s":[{"i":[[19.36,5.36],[0,0],[0,0],[0,0],[8.641,16.4],[3.36,2.8],[17.04,-10.8],[0,0],[-1.519,-4.08],[-2.96,-0.4],[0,0],[-1.281,-0.32],[-3.76,23.12]],"o":[[0,0],[0,0],[0,0],[16.401,-8.64],[-2.08,-3.92],[-16,-12.24],[0,0],[-4.16,1.52],[1.04,2.8],[0,0],[1.279,0.48],[24,6.72],[2.801,-17.28]],"v":[[84.199,32.52],[-4.24,8.64],[86.16,-43.04],[89.519,-44.88],[103.519,-90.16],[95.279,-100.32],[40.319,-102.72],[-119.92,11.28],[-124.641,21.52],[-118.16,26.72],[56.12,100.52],[59.96,101.8],[114.359,71.56]],"c":true}]},{"i":{"x":0.425,"y":1},"o":{"x":0.616,"y":0},"t":80,"s":[{"i":[[19.36,5.36],[0,0],[0,0],[0,0],[8.641,16.4],[3.36,2.8],[17.04,-10.8],[0,0],[-1.519,-4.08],[-2.96,-0.4],[0,0],[-1.281,-0.32],[-3.76,23.12]],"o":[[0,0],[0,0],[0,0],[16.401,-8.64],[-2.08,-3.92],[-16,-12.24],[0,0],[-4.16,1.52],[1.04,2.8],[0,0],[1.279,0.48],[24,6.72],[2.801,-17.28]],"v":[[93.199,27.52],[-4.24,8.64],[96.16,-33.04],[99.519,-34.88],[113.519,-80.16],[105.279,-90.32],[50.319,-92.72],[-119.92,11.28],[-124.641,21.52],[-118.16,26.72],[65.12,95.52],[68.96,96.8],[123.359,66.56]],"c":true}]},{"i":{"x":0.667,"y":1},"o":{"x":0.616,"y":0},"t":90,"s":[{"i":[[19.36,5.36],[0,0],[0,0],[0,0],[8.641,16.4],[3.36,2.8],[17.04,-10.8],[0,0],[-1.519,-4.08],[-2.96,-0.4],[0,0],[-1.281,-0.32],[-3.76,23.12]],"o":[[0,0],[0,0],[0,0],[16.401,-8.64],[-2.08,-3.92],[-16,-12.24],[0,0],[-4.16,1.52],[1.04,2.8],[0,0],[1.279,0.48],[24,6.72],[2.801,-17.28]],"v":[[84.199,32.52],[-4.24,8.64],[86.16,-43.04],[89.519,-44.88],[103.519,-90.16],[95.279,-100.32],[40.319,-102.72],[-119.92,11.28],[-124.641,21.52],[-118.16,26.72],[56.12,100.52],[59.96,101.8],[114.359,71.56]],"c":true}]},{"i":{"x":0.425,"y":1},"o":{"x":0.616,"y":0},"t":100,"s":[{"i":[[19.36,5.36],[0,0],[0,0],[0,0],[8.641,16.4],[3.36,2.8],[17.04,-10.8],[0,0],[-1.519,-4.08],[-2.96,-0.4],[0,0],[-1.281,-0.32],[-3.76,23.12]],"o":[[0,0],[0,0],[0,0],[16.401,-8.64],[-2.08,-3.92],[-16,-12.24],[0,0],[-4.16,1.52],[1.04,2.8],[0,0],[1.279,0.48],[24,6.72],[2.801,-17.28]],"v":[[93.199,27.52],[-4.24,8.64],[96.16,-33.04],[99.519,-34.88],[113.519,-80.16],[105.279,-90.32],[50.319,-92.72],[-119.92,11.28],[-124.641,21.52],[-118.16,26.72],[65.12,95.52],[68.96,96.8],[123.359,66.56]],"c":true}]},{"i":{"x":0.667,"y":1},"o":{"x":0.616,"y":0},"t":110,"s":[{"i":[[19.36,5.36],[0,0],[0,0],[0,0],[8.641,16.4],[3.36,2.8],[17.04,-10.8],[0,0],[-1.519,-4.08],[-2.96,-0.4],[0,0],[-1.281,-0.32],[-3.76,23.12]],"o":[[0,0],[0,0],[0,0],[16.401,-8.64],[-2.08,-3.92],[-16,-12.24],[0,0],[-4.16,1.52],[1.04,2.8],[0,0],[1.279,0.48],[24,6.72],[2.801,-17.28]],"v":[[84.199,32.52],[-4.24,8.64],[86.16,-43.04],[89.519,-44.88],[103.519,-90.16],[95.279,-100.32],[40.319,-102.72],[-119.92,11.28],[-124.641,21.52],[-118.16,26.72],[56.12,100.52],[59.96,101.8],[114.359,71.56]],"c":true}]},{"i":{"x":0.425,"y":1},"o":{"x":0.616,"y":0},"t":120,"s":[{"i":[[19.36,5.36],[0,0],[0,0],[0,0],[8.641,16.4],[3.36,2.8],[17.04,-10.8],[0,0],[-1.519,-4.08],[-2.96,-0.4],[0,0],[-1.281,-0.32],[-3.76,23.12]],"o":[[0,0],[0,0],[0,0],[16.401,-8.64],[-2.08,-3.92],[-16,-12.24],[0,0],[-4.16,1.52],[1.04,2.8],[0,0],[1.279,0.48],[24,6.72],[2.801,-17.28]],"v":[[93.199,27.52],[-4.24,8.64],[96.16,-33.04],[99.519,-34.88],[113.519,-80.16],[105.279,-90.32],[50.319,-92.72],[-119.92,11.28],[-124.641,21.52],[-118.16,26.72],[65.12,95.52],[68.96,96.8],[123.359,66.56]],"c":true}]},{"i":{"x":0.667,"y":1},"o":{"x":0.616,"y":0},"t":130,"s":[{"i":[[19.36,5.36],[0,0],[0,0],[0,0],[8.641,16.4],[3.36,2.8],[17.04,-10.8],[0,0],[-1.519,-4.08],[-2.96,-0.4],[0,0],[-1.281,-0.32],[-3.76,23.12]],"o":[[0,0],[0,0],[0,0],[16.401,-8.64],[-2.08,-3.92],[-16,-12.24],[0,0],[-4.16,1.52],[1.04,2.8],[0,0],[1.279,0.48],[24,6.72],[2.801,-17.28]],"v":[[84.199,32.52],[-4.24,8.64],[86.16,-43.04],[89.519,-44.88],[103.519,-90.16],[95.279,-100.32],[40.319,-102.72],[-119.92,11.28],[-124.641,21.52],[-118.16,26.72],[56.12,100.52],[59.96,101.8],[114.359,71.56]],"c":true}]},{"i":{"x":0.425,"y":1},"o":{"x":0.616,"y":0},"t":140,"s":[{"i":[[19.36,5.36],[0,0],[0,0],[0,0],[8.641,16.4],[3.36,2.8],[17.04,-10.8],[0,0],[-1.519,-4.08],[-2.96,-0.4],[0,0],[-1.281,-0.32],[-3.76,23.12]],"o":[[0,0],[0,0],[0,0],[16.401,-8.64],[-2.08,-3.92],[-16,-12.24],[0,0],[-4.16,1.52],[1.04,2.8],[0,0],[1.279,0.48],[24,6.72],[2.801,-17.28]],"v":[[93.199,27.52],[-4.24,8.64],[96.16,-33.04],[99.519,-34.88],[113.519,-80.16],[105.279,-90.32],[50.319,-92.72],[-119.92,11.28],[-124.641,21.52],[-118.16,26.72],[65.12,95.52],[68.96,96.8],[123.359,66.56]],"c":true}]},{"i":{"x":0.205,"y":1},"o":{"x":0.616,"y":0},"t":150,"s":[{"i":[[19.36,5.36],[0,0],[0,0],[0,0],[8.641,16.4],[3.36,2.8],[17.04,-10.8],[0,0],[-1.519,-4.08],[-2.96,-0.4],[0,0],[-1.281,-0.32],[-3.76,23.12]],"o":[[0,0],[0,0],[0,0],[16.401,-8.64],[-2.08,-3.92],[-16,-12.24],[0,0],[-4.16,1.52],[1.04,2.8],[0,0],[1.279,0.48],[24,6.72],[2.801,-17.28]],"v":[[84.199,32.52],[-4.24,8.64],[86.16,-43.04],[89.519,-44.88],[103.519,-90.16],[95.279,-100.32],[40.319,-102.72],[-119.92,11.28],[-124.641,21.52],[-118.16,26.72],[56.12,100.52],[59.96,101.8],[114.359,71.56]],"c":true}]},{"i":{"x":0.425,"y":1},"o":{"x":0.894,"y":0},"t":168,"s":[{"i":[[19.736,3.741],[0,0],[0,0],[0,0],[7.345,17.019],[3.134,3.051],[17.824,-9.449],[0,0],[-1.52,-4.08],[-2.96,-0.4],[0,0],[-1.301,-0.213],[-1.836,23.352]],"o":[[0,0],[0,0],[0,0],[17.019,-7.346],[-1.771,-4.069],[-15.005,-13.441],[0,0],[-4.16,1.52],[1.04,2.8],[0,0],[1.315,0.372],[24.474,4.713],[1.362,-17.453]],"v":[[93.567,4.241],[15.76,-1.455],[99.213,-31.024],[102.705,-32.599],[120.165,-76.66],[112.735,-87.427],[58.126,-94.071],[-119.919,1.185],[-124.64,11.425],[-118.16,16.625],[71.205,74.33],[75.137,75.288],[126.851,40.654]],"c":true}]},{"i":{"x":0.667,"y":1},"o":{"x":0.616,"y":0},"t":178,"s":[{"i":[[19.36,5.36],[0,0],[0,0],[0,0],[8.641,16.4],[3.36,2.8],[17.04,-10.8],[0,0],[-1.519,-4.08],[-2.96,-0.4],[0,0],[-1.281,-0.32],[-3.76,23.12]],"o":[[0,0],[0,0],[0,0],[16.401,-8.64],[-2.08,-3.92],[-16,-12.24],[0,0],[-4.16,1.52],[1.04,2.8],[0,0],[1.279,0.48],[24,6.72],[2.801,-17.28]],"v":[[84.199,32.52],[-4.24,8.64],[86.16,-47.04],[89.519,-48.88],[103.519,-94.16],[95.279,-104.32],[40.319,-106.72],[-119.92,11.28],[-124.641,21.52],[-118.16,26.72],[56.12,100.52],[59.96,101.8],[114.359,71.56]],"c":true}]},{"t":186,"s":[{"i":[[19.36,5.36],[0,0],[0,0],[0,0],[8.641,16.4],[3.36,2.8],[17.04,-10.8],[0,0],[-1.519,-4.08],[-2.96,-0.4],[0,0],[-1.281,-0.32],[-3.76,23.12]],"o":[[0,0],[0,0],[0,0],[16.401,-8.64],[-2.08,-3.92],[-16,-12.24],[0,0],[-4.16,1.52],[1.04,2.8],[0,0],[1.279,0.48],[24,6.72],[2.801,-17.28]],"v":[[93.199,27.52],[-4.24,8.64],[96.16,-33.04],[99.519,-34.88],[113.519,-80.16],[105.279,-90.32],[50.319,-92.72],[-119.92,11.28],[-124.641,21.52],[-118.16,26.72],[65.12,95.52],[68.96,96.8],[123.359,66.56]],"c":true}]}],"ix":2},"nm":"Path 1","mn":"ADBE Vector Shape - Group","hd":false},{"ty":"fl","c":{"a":0,"k":[0.258999992819,0.169000004787,0.051000000449,1],"ix":4},"o":{"a":0,"k":100,"ix":5},"r":1,"bm":0,"nm":"Fill 1","mn":"ADBE Vector Graphic - Fill","hd":false},{"ty":"tr","p":{"a":0,"k":[126.41,103.77],"ix":2},"a":{"a":0,"k":[0,0],"ix":1},"s":{"a":0,"k":[100,100],"ix":3},"r":{"a":0,"k":0,"ix":6},"o":{"a":0,"k":100,"ix":7},"sk":{"a":0,"k":0,"ix":4},"sa":{"a":0,"k":0,"ix":5},"nm":"Transform"}],"nm":"Group 1","np":2,"cix":2,"bm":0,"ix":1,"mn":"ADBE Vector Group","hd":false}],"ip":0,"op":186,"st":0,"bm":0},{"ddd":0,"ind":7,"ty":4,"nm":"eye2","parent":2,"sr":1,"ks":{"o":{"a":0,"k":100,"ix":11},"r":{"a":0,"k":0,"ix":10},"p":{"a":0,"k":[665.281,418.88,0],"ix":2,"l":2},"a":{"a":0,"k":[126.41,103.77,0],"ix":1,"l":2},"s":{"a":0,"k":[100,100,100],"ix":6,"l":2}},"ao":0,"shapes":[{"ty":"gr","it":[{"ind":0,"ty":"sh","ix":1,"ks":{"a":1,"k":[{"i":{"x":0.425,"y":1},"o":{"x":0.616,"y":0},"t":0,"s":[{"i":[[19.36,5.36],[0,0],[0,0],[0,0],[8.641,16.4],[3.36,2.8],[17.04,-10.8],[0,0],[-1.519,-4.08],[-2.96,-0.4],[0,0],[-1.281,-0.32],[-3.76,23.12]],"o":[[0,0],[0,0],[0,0],[16.401,-8.64],[-2.08,-3.92],[-16,-12.24],[0,0],[-4.16,1.52],[1.04,2.8],[0,0],[1.279,0.48],[24,6.72],[2.801,-17.28]],"v":[[93.199,27.52],[-4.24,8.64],[96.16,-33.04],[99.519,-34.88],[113.519,-80.16],[105.279,-90.32],[50.319,-92.72],[-119.92,11.28],[-124.641,21.52],[-118.16,26.72],[65.12,95.52],[68.96,96.8],[123.359,66.56]],"c":true}]},{"i":{"x":0.667,"y":1},"o":{"x":0.616,"y":0},"t":10,"s":[{"i":[[19.36,5.36],[0,0],[0,0],[0,0],[8.641,16.4],[3.36,2.8],[17.04,-10.8],[0,0],[-1.519,-4.08],[-2.96,-0.4],[0,0],[-1.281,-0.32],[-3.76,23.12]],"o":[[0,0],[0,0],[0,0],[16.401,-8.64],[-2.08,-3.92],[-16,-12.24],[0,0],[-4.16,1.52],[1.04,2.8],[0,0],[1.279,0.48],[24,6.72],[2.801,-17.28]],"v":[[84.199,33.52],[-4.24,8.64],[86.16,-43.04],[89.519,-44.88],[103.519,-90.16],[95.279,-100.32],[40.319,-102.72],[-119.92,11.28],[-124.641,21.52],[-118.16,26.72],[56.12,101.52],[59.96,102.8],[114.359,72.56]],"c":true}]},{"i":{"x":0.425,"y":1},"o":{"x":0.616,"y":0},"t":20,"s":[{"i":[[19.36,5.36],[0,0],[0,0],[0,0],[8.641,16.4],[3.36,2.8],[17.04,-10.8],[0,0],[-1.519,-4.08],[-2.96,-0.4],[0,0],[-1.281,-0.32],[-3.76,23.12]],"o":[[0,0],[0,0],[0,0],[16.401,-8.64],[-2.08,-3.92],[-16,-12.24],[0,0],[-4.16,1.52],[1.04,2.8],[0,0],[1.279,0.48],[24,6.72],[2.801,-17.28]],"v":[[93.199,27.52],[-4.24,8.64],[96.16,-33.04],[99.519,-34.88],[113.519,-80.16],[105.279,-90.32],[50.319,-92.72],[-119.92,11.28],[-124.641,21.52],[-118.16,26.72],[65.12,95.52],[68.96,96.8],[123.359,66.56]],"c":true}]},{"i":{"x":0.667,"y":1},"o":{"x":0.616,"y":0},"t":30,"s":[{"i":[[19.36,5.36],[0,0],[0,0],[0,0],[8.641,16.4],[3.36,2.8],[17.04,-10.8],[0,0],[-1.519,-4.08],[-2.96,-0.4],[0,0],[-1.281,-0.32],[-3.76,23.12]],"o":[[0,0],[0,0],[0,0],[16.401,-8.64],[-2.08,-3.92],[-16,-12.24],[0,0],[-4.16,1.52],[1.04,2.8],[0,0],[1.279,0.48],[24,6.72],[2.801,-17.28]],"v":[[84.199,33.52],[-4.24,8.64],[86.16,-43.04],[89.519,-44.88],[103.519,-90.16],[95.279,-100.32],[40.319,-102.72],[-119.92,11.28],[-124.641,21.52],[-118.16,26.72],[56.12,101.52],[59.96,102.8],[114.359,72.56]],"c":true}]},{"i":{"x":0.425,"y":1},"o":{"x":0.616,"y":0},"t":40,"s":[{"i":[[19.36,5.36],[0,0],[0,0],[0,0],[8.641,16.4],[3.36,2.8],[17.04,-10.8],[0,0],[-1.519,-4.08],[-2.96,-0.4],[0,0],[-1.281,-0.32],[-3.76,23.12]],"o":[[0,0],[0,0],[0,0],[16.401,-8.64],[-2.08,-3.92],[-16,-12.24],[0,0],[-4.16,1.52],[1.04,2.8],[0,0],[1.279,0.48],[24,6.72],[2.801,-17.28]],"v":[[93.199,27.52],[-4.24,8.64],[96.16,-33.04],[99.519,-34.88],[113.519,-80.16],[105.279,-90.32],[50.319,-92.72],[-119.92,11.28],[-124.641,21.52],[-118.16,26.72],[65.12,95.52],[68.96,96.8],[123.359,66.56]],"c":true}]},{"i":{"x":0.667,"y":1},"o":{"x":0.616,"y":0},"t":50,"s":[{"i":[[19.36,5.36],[0,0],[0,0],[0,0],[8.641,16.4],[3.36,2.8],[17.04,-10.8],[0,0],[-1.519,-4.08],[-2.96,-0.4],[0,0],[-1.281,-0.32],[-3.76,23.12]],"o":[[0,0],[0,0],[0,0],[16.401,-8.64],[-2.08,-3.92],[-16,-12.24],[0,0],[-4.16,1.52],[1.04,2.8],[0,0],[1.279,0.48],[24,6.72],[2.801,-17.28]],"v":[[84.199,33.52],[-4.24,8.64],[86.16,-43.04],[89.519,-44.88],[103.519,-90.16],[95.279,-100.32],[40.319,-102.72],[-119.92,11.28],[-124.641,21.52],[-118.16,26.72],[56.12,101.52],[59.96,102.8],[114.359,72.56]],"c":true}]},{"i":{"x":0.425,"y":1},"o":{"x":0.616,"y":0},"t":60,"s":[{"i":[[19.36,5.36],[0,0],[0,0],[0,0],[8.641,16.4],[3.36,2.8],[17.04,-10.8],[0,0],[-1.519,-4.08],[-2.96,-0.4],[0,0],[-1.281,-0.32],[-3.76,23.12]],"o":[[0,0],[0,0],[0,0],[16.401,-8.64],[-2.08,-3.92],[-16,-12.24],[0,0],[-4.16,1.52],[1.04,2.8],[0,0],[1.279,0.48],[24,6.72],[2.801,-17.28]],"v":[[93.199,27.52],[-4.24,8.64],[96.16,-33.04],[99.519,-34.88],[113.519,-80.16],[105.279,-90.32],[50.319,-92.72],[-119.92,11.28],[-124.641,21.52],[-118.16,26.72],[65.12,95.52],[68.96,96.8],[123.359,66.56]],"c":true}]},{"i":{"x":0.667,"y":1},"o":{"x":0.616,"y":0},"t":70,"s":[{"i":[[19.36,5.36],[0,0],[0,0],[0,0],[8.641,16.4],[3.36,2.8],[17.04,-10.8],[0,0],[-1.519,-4.08],[-2.96,-0.4],[0,0],[-1.281,-0.32],[-3.76,23.12]],"o":[[0,0],[0,0],[0,0],[16.401,-8.64],[-2.08,-3.92],[-16,-12.24],[0,0],[-4.16,1.52],[1.04,2.8],[0,0],[1.279,0.48],[24,6.72],[2.801,-17.28]],"v":[[84.199,33.52],[-4.24,8.64],[86.16,-43.04],[89.519,-44.88],[103.519,-90.16],[95.279,-100.32],[40.319,-102.72],[-119.92,11.28],[-124.641,21.52],[-118.16,26.72],[56.12,101.52],[59.96,102.8],[114.359,72.56]],"c":true}]},{"i":{"x":0.425,"y":1},"o":{"x":0.616,"y":0},"t":80,"s":[{"i":[[19.36,5.36],[0,0],[0,0],[0,0],[8.641,16.4],[3.36,2.8],[17.04,-10.8],[0,0],[-1.519,-4.08],[-2.96,-0.4],[0,0],[-1.281,-0.32],[-3.76,23.12]],"o":[[0,0],[0,0],[0,0],[16.401,-8.64],[-2.08,-3.92],[-16,-12.24],[0,0],[-4.16,1.52],[1.04,2.8],[0,0],[1.279,0.48],[24,6.72],[2.801,-17.28]],"v":[[93.199,27.52],[-4.24,8.64],[96.16,-33.04],[99.519,-34.88],[113.519,-80.16],[105.279,-90.32],[50.319,-92.72],[-119.92,11.28],[-124.641,21.52],[-118.16,26.72],[65.12,95.52],[68.96,96.8],[123.359,66.56]],"c":true}]},{"i":{"x":0.667,"y":1},"o":{"x":0.616,"y":0},"t":90,"s":[{"i":[[19.36,5.36],[0,0],[0,0],[0,0],[8.641,16.4],[3.36,2.8],[17.04,-10.8],[0,0],[-1.519,-4.08],[-2.96,-0.4],[0,0],[-1.281,-0.32],[-3.76,23.12]],"o":[[0,0],[0,0],[0,0],[16.401,-8.64],[-2.08,-3.92],[-16,-12.24],[0,0],[-4.16,1.52],[1.04,2.8],[0,0],[1.279,0.48],[24,6.72],[2.801,-17.28]],"v":[[84.199,33.52],[-4.24,8.64],[86.16,-43.04],[89.519,-44.88],[103.519,-90.16],[95.279,-100.32],[40.319,-102.72],[-119.92,11.28],[-124.641,21.52],[-118.16,26.72],[56.12,101.52],[59.96,102.8],[114.359,72.56]],"c":true}]},{"i":{"x":0.425,"y":1},"o":{"x":0.616,"y":0},"t":100,"s":[{"i":[[19.36,5.36],[0,0],[0,0],[0,0],[8.641,16.4],[3.36,2.8],[17.04,-10.8],[0,0],[-1.519,-4.08],[-2.96,-0.4],[0,0],[-1.281,-0.32],[-3.76,23.12]],"o":[[0,0],[0,0],[0,0],[16.401,-8.64],[-2.08,-3.92],[-16,-12.24],[0,0],[-4.16,1.52],[1.04,2.8],[0,0],[1.279,0.48],[24,6.72],[2.801,-17.28]],"v":[[93.199,27.52],[-4.24,8.64],[96.16,-33.04],[99.519,-34.88],[113.519,-80.16],[105.279,-90.32],[50.319,-92.72],[-119.92,11.28],[-124.641,21.52],[-118.16,26.72],[65.12,95.52],[68.96,96.8],[123.359,66.56]],"c":true}]},{"i":{"x":0.667,"y":1},"o":{"x":0.616,"y":0},"t":110,"s":[{"i":[[19.36,5.36],[0,0],[0,0],[0,0],[8.641,16.4],[3.36,2.8],[17.04,-10.8],[0,0],[-1.519,-4.08],[-2.96,-0.4],[0,0],[-1.281,-0.32],[-3.76,23.12]],"o":[[0,0],[0,0],[0,0],[16.401,-8.64],[-2.08,-3.92],[-16,-12.24],[0,0],[-4.16,1.52],[1.04,2.8],[0,0],[1.279,0.48],[24,6.72],[2.801,-17.28]],"v":[[84.199,33.52],[-4.24,8.64],[86.16,-43.04],[89.519,-44.88],[103.519,-90.16],[95.279,-100.32],[40.319,-102.72],[-119.92,11.28],[-124.641,21.52],[-118.16,26.72],[56.12,101.52],[59.96,102.8],[114.359,72.56]],"c":true}]},{"i":{"x":0.425,"y":1},"o":{"x":0.616,"y":0},"t":120,"s":[{"i":[[19.36,5.36],[0,0],[0,0],[0,0],[8.641,16.4],[3.36,2.8],[17.04,-10.8],[0,0],[-1.519,-4.08],[-2.96,-0.4],[0,0],[-1.281,-0.32],[-3.76,23.12]],"o":[[0,0],[0,0],[0,0],[16.401,-8.64],[-2.08,-3.92],[-16,-12.24],[0,0],[-4.16,1.52],[1.04,2.8],[0,0],[1.279,0.48],[24,6.72],[2.801,-17.28]],"v":[[93.199,27.52],[-4.24,8.64],[96.16,-33.04],[99.519,-34.88],[113.519,-80.16],[105.279,-90.32],[50.319,-92.72],[-119.92,11.28],[-124.641,21.52],[-118.16,26.72],[65.12,95.52],[68.96,96.8],[123.359,66.56]],"c":true}]},{"i":{"x":0.667,"y":1},"o":{"x":0.616,"y":0},"t":130,"s":[{"i":[[19.36,5.36],[0,0],[0,0],[0,0],[8.641,16.4],[3.36,2.8],[17.04,-10.8],[0,0],[-1.519,-4.08],[-2.96,-0.4],[0,0],[-1.281,-0.32],[-3.76,23.12]],"o":[[0,0],[0,0],[0,0],[16.401,-8.64],[-2.08,-3.92],[-16,-12.24],[0,0],[-4.16,1.52],[1.04,2.8],[0,0],[1.279,0.48],[24,6.72],[2.801,-17.28]],"v":[[84.199,33.52],[-4.24,8.64],[86.16,-43.04],[89.519,-44.88],[103.519,-90.16],[95.279,-100.32],[40.319,-102.72],[-119.92,11.28],[-124.641,21.52],[-118.16,26.72],[56.12,101.52],[59.96,102.8],[114.359,72.56]],"c":true}]},{"i":{"x":0.425,"y":1},"o":{"x":0.616,"y":0},"t":140,"s":[{"i":[[19.36,5.36],[0,0],[0,0],[0,0],[8.641,16.4],[3.36,2.8],[17.04,-10.8],[0,0],[-1.519,-4.08],[-2.96,-0.4],[0,0],[-1.281,-0.32],[-3.76,23.12]],"o":[[0,0],[0,0],[0,0],[16.401,-8.64],[-2.08,-3.92],[-16,-12.24],[0,0],[-4.16,1.52],[1.04,2.8],[0,0],[1.279,0.48],[24,6.72],[2.801,-17.28]],"v":[[93.199,27.52],[-4.24,8.64],[96.16,-33.04],[99.519,-34.88],[113.519,-80.16],[105.279,-90.32],[50.319,-92.72],[-119.92,11.28],[-124.641,21.52],[-118.16,26.72],[65.12,95.52],[68.96,96.8],[123.359,66.56]],"c":true}]},{"i":{"x":0.205,"y":1},"o":{"x":0.616,"y":0},"t":150,"s":[{"i":[[19.36,5.36],[0,0],[0,0],[0,0],[8.641,16.4],[3.36,2.8],[17.04,-10.8],[0,0],[-1.519,-4.08],[-2.96,-0.4],[0,0],[-1.281,-0.32],[-3.76,23.12]],"o":[[0,0],[0,0],[0,0],[16.401,-8.64],[-2.08,-3.92],[-16,-12.24],[0,0],[-4.16,1.52],[1.04,2.8],[0,0],[1.279,0.48],[24,6.72],[2.801,-17.28]],"v":[[84.199,33.52],[-4.24,8.64],[86.16,-43.04],[89.519,-44.88],[103.519,-90.16],[95.279,-100.32],[40.319,-102.72],[-119.92,11.28],[-124.641,21.52],[-118.16,26.72],[56.12,101.52],[59.96,102.8],[114.359,72.56]],"c":true}]},{"i":{"x":0.425,"y":1},"o":{"x":0.894,"y":0},"t":168,"s":[{"i":[[19.736,3.741],[0,0],[0,0],[0,0],[7.345,17.019],[3.134,3.051],[17.824,-9.449],[0,0],[-1.52,-4.08],[-2.96,-0.4],[0,0],[-1.301,-0.213],[-1.836,23.352]],"o":[[0,0],[0,0],[0,0],[17.019,-7.346],[-1.771,-4.069],[-15.005,-13.441],[0,0],[-4.16,1.52],[1.04,2.8],[0,0],[1.315,0.372],[24.474,4.713],[1.362,-17.453]],"v":[[93.567,4.241],[15.76,-1.455],[99.213,-31.024],[102.705,-32.599],[120.165,-76.66],[112.735,-87.427],[58.126,-94.071],[-119.919,1.185],[-124.64,11.425],[-118.16,16.625],[71.205,74.33],[75.137,75.288],[126.851,40.654]],"c":true}]},{"i":{"x":0.667,"y":1},"o":{"x":0.616,"y":0},"t":178,"s":[{"i":[[19.36,5.36],[0,0],[0,0],[0,0],[8.641,16.4],[3.36,2.8],[17.04,-10.8],[0,0],[-1.519,-4.08],[-2.96,-0.4],[0,0],[-1.281,-0.32],[-3.76,23.12]],"o":[[0,0],[0,0],[0,0],[16.401,-8.64],[-2.08,-3.92],[-16,-12.24],[0,0],[-4.16,1.52],[1.04,2.8],[0,0],[1.279,0.48],[24,6.72],[2.801,-17.28]],"v":[[84.199,33.52],[-4.24,8.64],[86.16,-47.04],[89.519,-48.88],[103.519,-94.16],[95.279,-104.32],[40.319,-106.72],[-119.92,11.28],[-124.641,21.52],[-118.16,26.72],[56.12,101.52],[59.96,102.8],[114.359,72.56]],"c":true}]},{"t":186,"s":[{"i":[[19.36,5.36],[0,0],[0,0],[0,0],[8.641,16.4],[3.36,2.8],[17.04,-10.8],[0,0],[-1.519,-4.08],[-2.96,-0.4],[0,0],[-1.281,-0.32],[-3.76,23.12]],"o":[[0,0],[0,0],[0,0],[16.401,-8.64],[-2.08,-3.92],[-16,-12.24],[0,0],[-4.16,1.52],[1.04,2.8],[0,0],[1.279,0.48],[24,6.72],[2.801,-17.28]],"v":[[93.199,27.52],[-4.24,8.64],[96.16,-33.04],[99.519,-34.88],[113.519,-80.16],[105.279,-90.32],[50.319,-92.72],[-119.92,11.28],[-124.641,21.52],[-118.16,26.72],[65.12,95.52],[68.96,96.8],[123.359,66.56]],"c":true}]}],"ix":2},"nm":"Path 1","mn":"ADBE Vector Shape - Group","hd":false},{"ty":"fl","c":{"a":0,"k":[0.258999992819,0.169000004787,0.051000000449,1],"ix":4},"o":{"a":0,"k":100,"ix":5},"r":1,"bm":0,"nm":"Fill 1","mn":"ADBE Vector Graphic - Fill","hd":false},{"ty":"tr","p":{"a":0,"k":[126.41,103.77],"ix":2},"a":{"a":0,"k":[0,0],"ix":1},"s":{"a":0,"k":[100,100],"ix":3},"r":{"a":0,"k":0,"ix":6},"o":{"a":0,"k":100,"ix":7},"sk":{"a":0,"k":0,"ix":4},"sa":{"a":0,"k":0,"ix":5},"nm":"Transform"}],"nm":"Group 1","np":2,"cix":2,"bm":0,"ix":1,"mn":"ADBE Vector Group","hd":false}],"ip":0,"op":186,"st":0,"bm":0},{"ddd":0,"ind":8,"ty":4,"nm":"base matte","parent":10,"td":1,"sr":1,"ks":{"o":{"a":0,"k":100,"ix":11},"r":{"a":0,"k":0,"ix":10},"p":{"a":0,"k":[-2,-3,0],"ix":2,"l":2},"a":{"a":0,"k":[0,0,0],"ix":1,"l":2},"s":{"a":0,"k":[100,100,100],"ix":6,"l":2}},"ao":0,"shapes":[{"ty":"gr","it":[{"ind":0,"ty":"sh","ix":1,"ks":{"a":0,"k":{"i":[[15.4,0],[0,38.4],[-27.9,0],[-10.6,-9.3],[0,-16.9],[11.5,-10.2]],"o":[[-27.9,0],[0,-38.4],[15.5,0],[11.5,10.2],[0,16.9],[-10.6,9.3]],"v":[[0,55.9],[-58,0],[0,-55.9],[40.4,-41.5],[58,0],[40.4,41.4]],"c":true},"ix":2},"nm":"Path 1","mn":"ADBE Vector Shape - Group","hd":false},{"ty":"gf","o":{"a":0,"k":100,"ix":10},"r":1,"bm":0,"g":{"p":5,"k":{"a":0,"k":[0.48,0.992,0.878,0.188,0.691,0.98,0.816,0.178,0.902,0.969,0.753,0.169,0.966,0.963,0.694,0.153,1,0.957,0.635,0.137],"ix":9}},"s":{"a":0,"k":[0,0],"ix":5},"e":{"a":0,"k":[56.225,0],"ix":6},"t":2,"h":{"a":0,"k":0,"ix":7},"a":{"a":0,"k":0,"ix":8},"nm":"Gradient Fill 1","mn":"ADBE Vector Graphic - G-Fill","hd":false},{"ty":"tr","p":{"a":0,"k":[0,0],"ix":2},"a":{"a":0,"k":[0,0],"ix":1},"s":{"a":0,"k":[100,100],"ix":3},"r":{"a":0,"k":0,"ix":6},"o":{"a":0,"k":100,"ix":7},"sk":{"a":0,"k":0,"ix":4},"sa":{"a":0,"k":0,"ix":5},"nm":"Transform"}],"nm":"Group 1","np":2,"cix":2,"bm":0,"ix":1,"mn":"ADBE Vector Group","hd":false}],"ip":0,"op":186,"st":0,"bm":0},{"ddd":0,"ind":9,"ty":4,"nm":"base shadow","parent":10,"tt":2,"sr":1,"ks":{"o":{"a":0,"k":100,"ix":11},"r":{"a":0,"k":0,"ix":10},"p":{"a":0,"k":[0,0,0],"ix":2,"l":2},"a":{"a":0,"k":[0,0,0],"ix":1,"l":2},"s":{"a":0,"k":[100,100,100],"ix":6,"l":2}},"ao":0,"shapes":[{"ty":"gr","it":[{"ind":0,"ty":"sh","ix":1,"ks":{"a":0,"k":{"i":[[15.4,0],[0,38.4],[-27.9,0],[-10.6,-9.3],[0,-16.9],[11.5,-10.2]],"o":[[-27.9,0],[0,-38.4],[15.5,0],[11.5,10.2],[0,16.9],[-10.6,9.3]],"v":[[0,55.9],[-58,0],[0,-55.9],[40.4,-41.5],[58,0],[40.4,41.4]],"c":true},"ix":2},"nm":"Path 1","mn":"ADBE Vector Shape - Group","hd":false},{"ty":"fl","c":{"a":0,"k":[0.921568627451,0.560784313725,0,1],"ix":4},"o":{"a":0,"k":100,"ix":5},"r":1,"bm":0,"nm":"Fill 1","mn":"ADBE Vector Graphic - Fill","hd":false},{"ty":"tr","p":{"a":0,"k":[0,0],"ix":2},"a":{"a":0,"k":[0,0],"ix":1},"s":{"a":0,"k":[100,100],"ix":3},"r":{"a":0,"k":0,"ix":6},"o":{"a":0,"k":100,"ix":7},"sk":{"a":0,"k":0,"ix":4},"sa":{"a":0,"k":0,"ix":5},"nm":"Transform"}],"nm":"Group 1","np":2,"cix":2,"bm":0,"ix":1,"mn":"ADBE Vector Group","hd":false}],"ip":0,"op":186,"st":0,"bm":0},{"ddd":0,"ind":10,"ty":4,"nm":"base normal","parent":1,"sr":1,"ks":{"o":{"a":0,"k":100,"ix":11},"r":{"a":0,"k":0,"ix":10},"p":{"a":0,"k":[0,0,0],"ix":2,"l":2},"a":{"a":0,"k":[0,0,0],"ix":1,"l":2},"s":{"a":1,"k":[{"i":{"x":[0.667,0.667,0.667],"y":[1,1,1]},"o":{"x":[0.333,0.333,0.333],"y":[0,0,0]},"t":150,"s":[800,800,100]},{"i":{"x":[0.667,0.667,0.667],"y":[1,1,1]},"o":{"x":[0.333,0.333,0.333],"y":[0,0,0]},"t":164,"s":[800,770,100]},{"t":176,"s":[800,800,100]}],"ix":6,"l":2}},"ao":0,"shapes":[{"ty":"gr","it":[{"ind":0,"ty":"sh","ix":1,"ks":{"a":0,"k":{"i":[[15.4,0],[0,38.4],[-27.9,0],[-10.6,-9.3],[0,-16.9],[11.5,-10.2]],"o":[[-27.9,0],[0,-38.4],[15.5,0],[11.5,10.2],[0,16.9],[-10.6,9.3]],"v":[[0,55.9],[-58,0],[0,-55.9],[40.4,-41.5],[58,0],[40.4,41.4]],"c":true},"ix":2},"nm":"Path 1","mn":"ADBE Vector Shape - Group","hd":false},{"ty":"gf","o":{"a":0,"k":100,"ix":10},"r":1,"bm":0,"g":{"p":5,"k":{"a":0,"k":[0.48,0.992,0.878,0.188,0.691,0.98,0.816,0.178,0.902,0.969,0.753,0.169,0.966,0.963,0.694,0.153,1,0.957,0.635,0.137],"ix":9}},"s":{"a":0,"k":[0,0],"ix":5},"e":{"a":0,"k":[56.225,0],"ix":6},"t":2,"h":{"a":0,"k":0,"ix":7},"a":{"a":0,"k":0,"ix":8},"nm":"Gradient Fill 1","mn":"ADBE Vector Graphic - G-Fill","hd":false},{"ty":"tr","p":{"a":0,"k":[0,0],"ix":2},"a":{"a":0,"k":[0,0],"ix":1},"s":{"a":0,"k":[100,100],"ix":3},"r":{"a":0,"k":0,"ix":6},"o":{"a":0,"k":100,"ix":7},"sk":{"a":0,"k":0,"ix":4},"sa":{"a":0,"k":0,"ix":5},"nm":"Transform"}],"nm":"Group 1","np":2,"cix":2,"bm":0,"ix":1,"mn":"ADBE Vector Group","hd":false}],"ip":0,"op":186,"st":0,"bm":0}],"markers":[{"tm":0,"cm":"rest","dr":0}]}