{"v":"5.9.0","fr":24,"ip":0,"op":48,"w":680,"h":680,"nm":"emoji_u1F62D","ddd":0,"assets":[],"layers":[{"ddd":0,"ind":1,"ty":4,"nm":"Splash L","sr":1,"ks":{"o":{"a":0,"k":100,"ix":11},"r":{"a":0,"k":0,"ix":10},"p":{"a":0,"k":[340,340,0],"ix":2,"l":2},"a":{"a":0,"k":[0,0,0],"ix":1,"l":2},"s":{"a":0,"k":[-100,100,100],"ix":6,"l":2}},"ao":0,"shapes":[{"ty":"gr","it":[{"ind":0,"ty":"sh","ix":1,"ks":{"a":0,"k":{"i":[[0,0],[33.629,-0.681],[15.049,-26.335]],"o":[[0,0],[-24.499,0.496],[-6,10.5]],"v":[[-161,294],[-221.501,241.504],[-276.5,282.5]],"c":false},"ix":2},"nm":"Splash L 01 Path ","mn":"ADBE Vector Shape - Group","hd":false},{"ty":"tm","s":{"a":1,"k":[{"i":{"x":[0.312],"y":[1]},"o":{"x":[0],"y":[0]},"t":15,"s":[0]},{"t":22,"s":[100]}],"ix":1},"e":{"a":1,"k":[{"i":{"x":[0.181],"y":[1]},"o":{"x":[0.089],"y":[0]},"t":15,"s":[52]},{"t":22,"s":[100]}],"ix":2},"o":{"a":0,"k":0,"ix":3},"m":1,"ix":2,"nm":"Splash L 01 Trim Paths ","mn":"ADBE Vector Filter - Trim","hd":false},{"ty":"st","c":{"a":0,"k":[0.152941176471,0.709803921569,0.956862745098,1],"ix":3},"o":{"a":0,"k":100,"ix":4},"w":{"a":0,"k":22,"ix":5},"lc":2,"lj":1,"ml":4,"bm":0,"nm":"Splash L 01 Stroke ","mn":"ADBE Vector Graphic - Stroke","hd":false},{"ty":"tr","p":{"a":0,"k":[0,0],"ix":2},"a":{"a":0,"k":[0,0],"ix":1},"s":{"a":0,"k":[100,100],"ix":3},"r":{"a":0,"k":0,"ix":6},"o":{"a":0,"k":100,"ix":7},"sk":{"a":0,"k":0,"ix":4},"sa":{"a":0,"k":0,"ix":5},"nm":"Transform"}],"nm":"Splash L 01","np":3,"cix":2,"bm":0,"ix":1,"mn":"ADBE Vector Group","hd":false}],"ip":15,"op":22,"st":0,"bm":0},{"ddd":0,"ind":2,"ty":4,"nm":"Splash R","sr":1,"ks":{"o":{"a":0,"k":100,"ix":11},"r":{"a":0,"k":0,"ix":10},"p":{"a":0,"k":[340,340,0],"ix":2,"l":2},"a":{"a":0,"k":[0,0,0],"ix":1,"l":2},"s":{"a":0,"k":[100,100,100],"ix":6,"l":2}},"ao":0,"shapes":[{"ty":"gr","it":[{"ind":0,"ty":"sh","ix":1,"ks":{"a":0,"k":{"i":[[0,0],[-21.386,2.941],[-3,-28]],"o":[[0,0],[18.006,-2.476],[8.013,74.785]],"v":[[-116,300],[-79.506,267.476],[-39.5,298]],"c":false},"ix":2},"nm":"Splash R 02 Path ","mn":"ADBE Vector Shape - Group","hd":false},{"ty":"tm","s":{"a":1,"k":[{"i":{"x":[0.312],"y":[1]},"o":{"x":[0],"y":[0]},"t":15,"s":[0]},{"t":22,"s":[100]}],"ix":1},"e":{"a":1,"k":[{"i":{"x":[0.181],"y":[1]},"o":{"x":[0.089],"y":[0]},"t":15,"s":[52]},{"t":22,"s":[100]}],"ix":2},"o":{"a":0,"k":0,"ix":3},"m":1,"ix":2,"nm":"Splash R 02 Trim Paths ","mn":"ADBE Vector Filter - Trim","hd":false},{"ty":"st","c":{"a":0,"k":[0.152941176471,0.709803921569,0.956862745098,1],"ix":3},"o":{"a":0,"k":100,"ix":4},"w":{"a":0,"k":22,"ix":5},"lc":2,"lj":1,"ml":4,"bm":0,"nm":"Splash R 02 Stroke ","mn":"ADBE Vector Graphic - Stroke","hd":false},{"ty":"tr","p":{"a":0,"k":[0,0],"ix":2},"a":{"a":0,"k":[0,0],"ix":1},"s":{"a":0,"k":[100,100],"ix":3},"r":{"a":0,"k":0,"ix":6},"o":{"a":0,"k":100,"ix":7},"sk":{"a":0,"k":0,"ix":4},"sa":{"a":0,"k":0,"ix":5},"nm":"Transform"}],"nm":"Splash R 02","np":3,"cix":2,"bm":0,"ix":1,"mn":"ADBE Vector Group","hd":false},{"ty":"gr","it":[{"ind":0,"ty":"sh","ix":1,"ks":{"a":0,"k":{"i":[[0,0],[33.629,-0.681],[15.049,-26.335]],"o":[[0,0],[-24.499,0.496],[-6,10.5]],"v":[[-161,294],[-221.501,241.504],[-276.5,282.5]],"c":false},"ix":2},"nm":"Path 1","mn":"ADBE Vector Shape - Group","hd":false},{"ty":"tm","s":{"a":1,"k":[{"i":{"x":[0.312],"y":[1]},"o":{"x":[0],"y":[0]},"t":15,"s":[0]},{"t":22,"s":[100]}],"ix":1},"e":{"a":1,"k":[{"i":{"x":[0.181],"y":[1]},"o":{"x":[0.089],"y":[0]},"t":15,"s":[52]},{"t":22,"s":[100]}],"ix":2},"o":{"a":0,"k":0,"ix":3},"m":1,"ix":2,"nm":"Trim Paths 1","mn":"ADBE Vector Filter - Trim","hd":false},{"ty":"st","c":{"a":0,"k":[0.152941176471,0.709803921569,0.956862745098,1],"ix":3},"o":{"a":0,"k":100,"ix":4},"w":{"a":0,"k":22,"ix":5},"lc":2,"lj":1,"ml":4,"bm":0,"nm":"Stroke 1","mn":"ADBE Vector Graphic - Stroke","hd":false},{"ty":"tr","p":{"a":0,"k":[0,0],"ix":2},"a":{"a":0,"k":[0,0],"ix":1},"s":{"a":0,"k":[100,100],"ix":3},"r":{"a":0,"k":0,"ix":6},"o":{"a":0,"k":100,"ix":7},"sk":{"a":0,"k":0,"ix":4},"sa":{"a":0,"k":0,"ix":5},"nm":"Transform"}],"nm":"Splash R 01","np":3,"cix":2,"bm":0,"ix":2,"mn":"ADBE Vector Group","hd":false}],"ip":15,"op":22,"st":0,"bm":0},{"ddd":0,"ind":3,"ty":4,"nm":"L Puddle Hilit 02","sr":1,"ks":{"o":{"a":0,"k":100,"ix":11},"r":{"a":0,"k":0,"ix":10},"p":{"a":0,"k":[328,340,0],"ix":2,"l":2},"a":{"a":0,"k":[0,0,0],"ix":1,"l":2},"s":{"a":0,"k":[-100,100,100],"ix":6,"l":2}},"ao":0,"shapes":[{"ty":"gr","it":[{"ind":0,"ty":"sh","ix":1,"ks":{"a":1,"k":[{"i":{"x":0.4,"y":1},"o":{"x":0.52,"y":0},"t":41,"s":[{"i":[[4.75,-4.75],[-2.603,-2.13],[-1.5,3],[5.131,6.363]],"o":[[-6.386,6.386],[13.75,11.25],[1.5,-3],[-6.25,-7.75]],"v":[[-199.5,279],[-193.5,296.25],[-166,304],[-174,290.75]],"c":true}]},{"t":46,"s":[{"i":[[2.728,-2.728],[-1.495,-1.223],[-0.861,1.723],[2.947,3.654]],"o":[[-3.667,3.667],[7.896,6.46],[0.861,-1.723],[-3.589,-4.45]],"v":[[-193.129,284.35],[-188.647,293.195],[-176.33,298.362],[-180.818,291.999]],"c":true}]}],"ix":2},"nm":"R Puddle Hilit 03 Path ","mn":"ADBE Vector Shape - Group","hd":false},{"ty":"fl","c":{"a":0,"k":[0.505882352941,0.827451040231,0.976470648074,1],"ix":4},"o":{"a":0,"k":100,"ix":5},"r":1,"bm":0,"nm":"R Puddle Hilit 03 Fill ","mn":"ADBE Vector Graphic - Fill","hd":false},{"ty":"tr","p":{"a":1,"k":[{"i":{"x":0.4,"y":1},"o":{"x":0.52,"y":0},"t":41,"s":[-184.859,292.625],"to":[13.167,0],"ti":[-13.167,0]},{"t":46,"s":[-105.859,292.625]}],"ix":2},"a":{"a":0,"k":[-184.859,292.625],"ix":1},"s":{"a":0,"k":[100,100],"ix":3},"r":{"a":1,"k":[{"i":{"x":[0.4],"y":[1]},"o":{"x":[0.52],"y":[0]},"t":41,"s":[0]},{"t":46,"s":[-43]}],"ix":6},"o":{"a":0,"k":100,"ix":7},"sk":{"a":0,"k":0,"ix":4},"sa":{"a":0,"k":0,"ix":5},"nm":"Transform"}],"nm":"R Puddle Hilit 03","np":2,"cix":2,"bm":0,"ix":1,"mn":"ADBE Vector Group","hd":false},{"ty":"gr","it":[{"ind":0,"ty":"sh","ix":1,"ks":{"a":1,"k":[{"i":{"x":0.72,"y":1},"o":{"x":0.855,"y":0},"t":41,"s":[{"i":[[19,-0.75],[0,-8.5],[-12.5,0],[1.456,9.22]],"o":[[-19,0.75],[0,11.88],[12.5,0],[-0.75,-4.75]],"v":[[-196,248],[-226,255],[-193.25,265.5],[-165.25,258.25]],"c":true}]},{"t":45,"s":[{"i":[[7.674,-0.303],[0,-3.433],[-5.049,0],[0.588,3.724]],"o":[[-7.674,0.303],[0,4.798],[5.049,0],[-0.303,-1.919]],"v":[[-176.093,263.106],[-195.71,260.933],[-173.482,267.174],[-162.172,265.246]],"c":true}]}],"ix":2},"nm":"R Puddle Hilit 04 Path ","mn":"ADBE Vector Shape - Group","hd":false},{"ty":"fl","c":{"a":0,"k":[0.505882352941,0.827451040231,0.976470648074,1],"ix":4},"o":{"a":0,"k":100,"ix":5},"r":1,"bm":0,"nm":"R Puddle Hilit 04 Fill ","mn":"ADBE Vector Graphic - Fill","hd":false},{"ty":"tr","p":{"a":0,"k":[0,0],"ix":2},"a":{"a":0,"k":[0,0],"ix":1},"s":{"a":0,"k":[100,100],"ix":3},"r":{"a":0,"k":0,"ix":6},"o":{"a":1,"k":[{"i":{"x":[0.833],"y":[0.833]},"o":{"x":[0.167],"y":[0.167]},"t":45,"s":[100]},{"t":46,"s":[0]}],"ix":7},"sk":{"a":0,"k":0,"ix":4},"sa":{"a":0,"k":0,"ix":5},"nm":"Transform"}],"nm":"R Puddle Hilit 04","np":2,"cix":2,"bm":0,"ix":2,"mn":"ADBE Vector Group","hd":false},{"ty":"gr","it":[{"ind":0,"ty":"sh","ix":1,"ks":{"a":1,"k":[{"i":{"x":0.833,"y":0.833},"o":{"x":0.167,"y":0.167},"t":41,"s":[{"i":[[-9,-11],[-6.5,1],[21.626,7.378]],"o":[[9,11],[6.5,-1],[-21.25,-7.25]],"v":[[-183.75,272.5],[-141,279.5],[-136,262]],"c":true}]},{"t":45,"s":[{"i":[[-3.229,-3.947],[-2.332,0.359],[7.76,2.648]],"o":[[3.229,3.947],[2.332,-0.359],[-7.625,-2.602]],"v":[[-142.144,285.086],[-126.804,287.598],[-125.01,281.318]],"c":true}]}],"ix":2},"nm":"R Puddle Hilit 05 Path ","mn":"ADBE Vector Shape - Group","hd":false},{"ty":"fl","c":{"a":0,"k":[0.505882352941,0.827451040231,0.976470648074,1],"ix":4},"o":{"a":0,"k":100,"ix":5},"r":1,"bm":0,"nm":"R Puddle Hilit 05 Fill ","mn":"ADBE Vector Graphic - Fill","hd":false},{"ty":"tr","p":{"a":0,"k":[0,0],"ix":2},"a":{"a":0,"k":[0,0],"ix":1},"s":{"a":0,"k":[100,100],"ix":3},"r":{"a":0,"k":0,"ix":6},"o":{"a":1,"k":[{"i":{"x":[0.833],"y":[0.833]},"o":{"x":[0.167],"y":[0.167]},"t":45,"s":[100]},{"t":46,"s":[0]}],"ix":7},"sk":{"a":0,"k":0,"ix":4},"sa":{"a":0,"k":0,"ix":5},"nm":"Transform"}],"nm":"R Puddle Hilit 05","np":2,"cix":2,"bm":0,"ix":3,"mn":"ADBE Vector Group","hd":false}],"ip":41,"op":47,"st":0,"bm":0},{"ddd":0,"ind":4,"ty":4,"nm":"R Puddle Hilit 02","sr":1,"ks":{"o":{"a":0,"k":100,"ix":11},"r":{"a":0,"k":0,"ix":10},"p":{"a":0,"k":[340,340,0],"ix":2,"l":2},"a":{"a":0,"k":[0,0,0],"ix":1,"l":2},"s":{"a":0,"k":[100,100,100],"ix":6,"l":2}},"ao":0,"shapes":[{"ty":"gr","it":[{"ind":0,"ty":"sh","ix":1,"ks":{"a":1,"k":[{"i":{"x":0.4,"y":1},"o":{"x":0.52,"y":0},"t":41,"s":[{"i":[[4.75,-4.75],[-2.603,-2.13],[-1.5,3],[5.131,6.363]],"o":[[-6.386,6.386],[13.75,11.25],[1.5,-3],[-6.25,-7.75]],"v":[[-199.5,279],[-193.5,296.25],[-166,304],[-174,290.75]],"c":true}]},{"t":46,"s":[{"i":[[2.728,-2.728],[-1.495,-1.223],[-0.861,1.723],[2.947,3.654]],"o":[[-3.667,3.667],[7.896,6.46],[0.861,-1.723],[-3.589,-4.45]],"v":[[-193.129,284.35],[-188.647,293.195],[-176.33,298.362],[-180.818,291.999]],"c":true}]}],"ix":2},"nm":"Path 1","mn":"ADBE Vector Shape - Group","hd":false},{"ty":"fl","c":{"a":0,"k":[0.505882352941,0.827451040231,0.976470648074,1],"ix":4},"o":{"a":0,"k":100,"ix":5},"r":1,"bm":0,"nm":"Fill 1","mn":"ADBE Vector Graphic - Fill","hd":false},{"ty":"tr","p":{"a":1,"k":[{"i":{"x":0.4,"y":1},"o":{"x":0.52,"y":0},"t":41,"s":[-184.859,292.625],"to":[13.167,0],"ti":[-13.167,0]},{"t":46,"s":[-105.859,292.625]}],"ix":2},"a":{"a":0,"k":[-184.859,292.625],"ix":1},"s":{"a":0,"k":[100,100],"ix":3},"r":{"a":1,"k":[{"i":{"x":[0.4],"y":[1]},"o":{"x":[0.52],"y":[0]},"t":41,"s":[0]},{"t":46,"s":[-43]}],"ix":6},"o":{"a":0,"k":100,"ix":7},"sk":{"a":0,"k":0,"ix":4},"sa":{"a":0,"k":0,"ix":5},"nm":"Transform"}],"nm":"R Puddle Hilit 03","np":2,"cix":2,"bm":0,"ix":1,"mn":"ADBE Vector Group","hd":false},{"ty":"gr","it":[{"ind":0,"ty":"sh","ix":1,"ks":{"a":1,"k":[{"i":{"x":0.72,"y":1},"o":{"x":0.855,"y":0},"t":41,"s":[{"i":[[19,-0.75],[0,-8.5],[-12.5,0],[1.456,9.22]],"o":[[-19,0.75],[0,11.88],[12.5,0],[-0.75,-4.75]],"v":[[-196,248],[-226,255],[-193.25,265.5],[-165.25,258.25]],"c":true}]},{"t":45,"s":[{"i":[[7.674,-0.303],[0,-3.433],[-5.049,0],[0.588,3.724]],"o":[[-7.674,0.303],[0,4.798],[5.049,0],[-0.303,-1.919]],"v":[[-176.093,263.106],[-195.71,260.933],[-173.482,267.174],[-162.172,265.246]],"c":true}]}],"ix":2},"nm":"Path 1","mn":"ADBE Vector Shape - Group","hd":false},{"ty":"fl","c":{"a":0,"k":[0.505882352941,0.827451040231,0.976470648074,1],"ix":4},"o":{"a":0,"k":100,"ix":5},"r":1,"bm":0,"nm":"Fill 1","mn":"ADBE Vector Graphic - Fill","hd":false},{"ty":"tr","p":{"a":0,"k":[0,0],"ix":2},"a":{"a":0,"k":[0,0],"ix":1},"s":{"a":0,"k":[100,100],"ix":3},"r":{"a":0,"k":0,"ix":6},"o":{"a":1,"k":[{"i":{"x":[0.833],"y":[0.833]},"o":{"x":[0.167],"y":[0.167]},"t":45,"s":[100]},{"t":46,"s":[0]}],"ix":7},"sk":{"a":0,"k":0,"ix":4},"sa":{"a":0,"k":0,"ix":5},"nm":"Transform"}],"nm":"R Puddle Hilit 04","np":2,"cix":2,"bm":0,"ix":2,"mn":"ADBE Vector Group","hd":false},{"ty":"gr","it":[{"ind":0,"ty":"sh","ix":1,"ks":{"a":1,"k":[{"i":{"x":0.833,"y":0.833},"o":{"x":0.167,"y":0.167},"t":41,"s":[{"i":[[-9,-11],[-6.5,1],[21.626,7.378]],"o":[[9,11],[6.5,-1],[-21.25,-7.25]],"v":[[-183.75,272.5],[-141,279.5],[-136,262]],"c":true}]},{"t":45,"s":[{"i":[[-3.229,-3.947],[-2.332,0.359],[7.76,2.648]],"o":[[3.229,3.947],[2.332,-0.359],[-7.625,-2.602]],"v":[[-142.144,285.086],[-126.804,287.598],[-125.01,281.318]],"c":true}]}],"ix":2},"nm":"Path 1","mn":"ADBE Vector Shape - Group","hd":false},{"ty":"fl","c":{"a":0,"k":[0.505882352941,0.827451040231,0.976470648074,1],"ix":4},"o":{"a":0,"k":100,"ix":5},"r":1,"bm":0,"nm":"Fill 1","mn":"ADBE Vector Graphic - Fill","hd":false},{"ty":"tr","p":{"a":0,"k":[0,0],"ix":2},"a":{"a":0,"k":[0,0],"ix":1},"s":{"a":0,"k":[100,100],"ix":3},"r":{"a":0,"k":0,"ix":6},"o":{"a":1,"k":[{"i":{"x":[0.833],"y":[0.833]},"o":{"x":[0.167],"y":[0.167]},"t":45,"s":[100]},{"t":46,"s":[0]}],"ix":7},"sk":{"a":0,"k":0,"ix":4},"sa":{"a":0,"k":0,"ix":5},"nm":"Transform"}],"nm":"R Puddle Hilit 05","np":2,"cix":2,"bm":0,"ix":3,"mn":"ADBE Vector Group","hd":false}],"ip":41,"op":47,"st":0,"bm":0},{"ddd":0,"ind":5,"ty":4,"nm":"L Puddle Hilit 01","sr":1,"ks":{"o":{"a":0,"k":100,"ix":11},"r":{"a":0,"k":0,"ix":10},"p":{"a":0,"k":[328,340,0],"ix":2,"l":2},"a":{"a":0,"k":[0,0,0],"ix":1,"l":2},"s":{"a":0,"k":[-100,100,100],"ix":6,"l":2}},"ao":0,"shapes":[{"ty":"gr","it":[{"ind":0,"ty":"sh","ix":1,"ks":{"a":1,"k":[{"i":{"x":0.667,"y":0.867},"o":{"x":0.052,"y":0},"t":15,"s":[{"i":[[0,0],[0.75,-9.5],[0,-2.512],[-1.04,-7.696],[5,-0.5],[7.25,-5.75],[-5.069,-1.56],[-10.86,4.494],[-5.25,-1.75],[40.93,11.105],[1.107,3.876]],"o":[[0,0],[-0.355,4.493],[0,2.25],[1.25,9.25],[-5.128,0.513],[-7,5.551],[3.25,1],[7.25,-3],[6.239,2.08],[-32.25,-8.75],[-4.5,-15.75]],"v":[[-162,207.5],[-159.25,239.5],[-159.5,246.5],[-160.75,255],[-162.25,264.5],[-177.25,267.5],[-176.25,279],[-159.25,273.25],[-132,272.25],[-124,265.5],[-151.25,207.75]],"c":true}]},{"i":{"x":0.429,"y":0.776},"o":{"x":0.095,"y":0.037},"t":25,"s":[{"i":[[0,0],[9.5,-1],[0,-2.512],[-7.75,0.5],[5,-0.5],[6.75,-9.25],[-5.069,-1.56],[-5.75,10.25],[-6.5,1],[40.75,11.75],[1.107,3.876]],"o":[[0,0],[-4.482,0.472],[0,2.25],[12.474,-0.805],[-5.128,0.513],[-5.266,7.217],[3.25,1],[3.999,-7.129],[6.5,-1],[-21.173,-6.105],[-4.5,-15.75]],"v":[[-159.75,225.5],[-160.75,249],[-168.75,250.5],[-159.5,253],[-172,266.25],[-189.75,275],[-189.25,288.5],[-169.75,280.75],[-146.25,274.25],[-135.25,260],[-149,225.75]],"c":true}]},{"i":{"x":0.553,"y":1},"o":{"x":0.389,"y":0.152},"t":28,"s":[{"i":[[0,0],[18.993,-0.904],[-0.25,-4.25],[-12.5,0],[5,-0.5],[4.5,-13.5],[-5.069,-1.56],[-5.75,10.25],[-6.5,1],[27.5,10.5],[1.107,3.876]],"o":[[0,0],[-10.5,0.5],[0.279,4.748],[12.5,0],[-5.128,0.513],[-2.825,8.475],[3.25,1],[3.999,-7.129],[6.5,-1],[-20.586,-7.86],[-4.5,-15.75]],"v":[[-159.75,225.5],[-180.25,246],[-197.75,252.25],[-179.25,259],[-173.5,268.25],[-192.25,279.75],[-187,293.25],[-170,284],[-146,275],[-135,258.75],[-149,225.75]],"c":true}]},{"t":40,"s":[{"i":[[0,0],[19,-0.75],[-1.75,-11.75],[-12.5,0],[4,-3.25],[-13,-12],[-1.5,3],[3.25,7.5],[-6.5,1],[13.75,18.25],[1.107,3.876]],"o":[[0,0],[-19,0.75],[1.75,11.75],[12.5,0],[-4,3.25],[13,12],[1.5,-3],[-3.25,-7.5],[6.5,-1],[-13.75,-18.25],[-4.5,-15.75]],"v":[[-159.75,225.5],[-180,236.5],[-222,255.5],[-189.75,265.5],[-179.5,272.25],[-194.75,295.5],[-166,304],[-174,290.75],[-145.5,280],[-136.25,255.75],[-149,225.75]],"c":true}]}],"ix":2},"nm":"Path 1","mn":"ADBE Vector Shape - Group","hd":false},{"ty":"fl","c":{"a":0,"k":[0.505882352941,0.827451040231,0.976470648074,1],"ix":4},"o":{"a":0,"k":100,"ix":5},"r":1,"bm":0,"nm":"Fill 1","mn":"ADBE Vector Graphic - Fill","hd":false},{"ty":"tr","p":{"a":0,"k":[0,0],"ix":2},"a":{"a":0,"k":[0,0],"ix":1},"s":{"a":0,"k":[100,100],"ix":3},"r":{"a":0,"k":0,"ix":6},"o":{"a":0,"k":100,"ix":7},"sk":{"a":0,"k":0,"ix":4},"sa":{"a":0,"k":0,"ix":5},"nm":"Transform"}],"nm":"R Puddle Hilit 01","np":2,"cix":2,"bm":0,"ix":1,"mn":"ADBE Vector Group","hd":false}],"ip":15,"op":41,"st":0,"bm":0},{"ddd":0,"ind":6,"ty":4,"nm":"R Puddle Hilit 01","sr":1,"ks":{"o":{"a":0,"k":100,"ix":11},"r":{"a":0,"k":0,"ix":10},"p":{"a":0,"k":[340,340,0],"ix":2,"l":2},"a":{"a":0,"k":[0,0,0],"ix":1,"l":2},"s":{"a":0,"k":[100,100,100],"ix":6,"l":2}},"ao":0,"shapes":[{"ty":"gr","it":[{"ind":0,"ty":"sh","ix":1,"ks":{"a":1,"k":[{"i":{"x":0.667,"y":0.867},"o":{"x":0.052,"y":0},"t":15,"s":[{"i":[[0,0],[0.75,-9.5],[0,-2.512],[-1.04,-7.696],[5,-0.5],[7.25,-5.75],[-5.069,-1.56],[-10.86,4.494],[-5.25,-1.75],[40.93,11.105],[1.107,3.876]],"o":[[0,0],[-0.355,4.493],[0,2.25],[1.25,9.25],[-5.128,0.513],[-7,5.551],[3.25,1],[7.25,-3],[6.239,2.08],[-32.25,-8.75],[-4.5,-15.75]],"v":[[-162,207.5],[-159.25,239.5],[-159.5,246.5],[-160.75,255],[-162.25,264.5],[-177.25,267.5],[-176.25,279],[-159.25,273.25],[-132,272.25],[-124,265.5],[-151.25,207.75]],"c":true}]},{"i":{"x":0.429,"y":0.776},"o":{"x":0.095,"y":0.037},"t":25,"s":[{"i":[[0,0],[9.5,-1],[0,-2.512],[-7.75,0.5],[5,-0.5],[6.75,-9.25],[-5.069,-1.56],[-5.75,10.25],[-6.5,1],[40.75,11.75],[1.107,3.876]],"o":[[0,0],[-4.482,0.472],[0,2.25],[12.474,-0.805],[-5.128,0.513],[-5.266,7.217],[3.25,1],[3.999,-7.129],[6.5,-1],[-21.173,-6.105],[-4.5,-15.75]],"v":[[-159.75,225.5],[-160.75,249],[-168.75,250.5],[-159.5,253],[-172,266.25],[-189.75,275],[-189.25,288.5],[-169.75,280.75],[-146.25,274.25],[-135.25,260],[-149,225.75]],"c":true}]},{"i":{"x":0.553,"y":1},"o":{"x":0.389,"y":0.152},"t":28,"s":[{"i":[[0,0],[18.993,-0.904],[-0.25,-4.25],[-12.5,0],[5,-0.5],[4.5,-13.5],[-5.069,-1.56],[-5.75,10.25],[-6.5,1],[27.5,10.5],[1.107,3.876]],"o":[[0,0],[-10.5,0.5],[0.279,4.748],[12.5,0],[-5.128,0.513],[-2.825,8.475],[3.25,1],[3.999,-7.129],[6.5,-1],[-20.586,-7.86],[-4.5,-15.75]],"v":[[-159.75,225.5],[-180.25,246],[-197.75,252.25],[-179.25,259],[-173.5,268.25],[-192.25,279.75],[-187,293.25],[-170,284],[-146,275],[-135,258.75],[-149,225.75]],"c":true}]},{"t":40,"s":[{"i":[[0,0],[19,-0.75],[-1.75,-11.75],[-12.5,0],[4,-3.25],[-13,-12],[-1.5,3],[3.25,7.5],[-6.5,1],[13.75,18.25],[1.107,3.876]],"o":[[0,0],[-19,0.75],[1.75,11.75],[12.5,0],[-4,3.25],[13,12],[1.5,-3],[-3.25,-7.5],[6.5,-1],[-13.75,-18.25],[-4.5,-15.75]],"v":[[-159.75,225.5],[-180,236.5],[-222,255.5],[-189.75,265.5],[-179.5,272.25],[-194.75,295.5],[-166,304],[-174,290.75],[-145.5,280],[-136.25,255.75],[-149,225.75]],"c":true}]}],"ix":2},"nm":"Path 1","mn":"ADBE Vector Shape - Group","hd":false},{"ty":"fl","c":{"a":0,"k":[0.505882352941,0.827451040231,0.976470648074,1],"ix":4},"o":{"a":0,"k":100,"ix":5},"r":1,"bm":0,"nm":"Fill 1","mn":"ADBE Vector Graphic - Fill","hd":false},{"ty":"tr","p":{"a":0,"k":[0,0],"ix":2},"a":{"a":0,"k":[0,0],"ix":1},"s":{"a":0,"k":[100,100],"ix":3},"r":{"a":0,"k":0,"ix":6},"o":{"a":0,"k":100,"ix":7},"sk":{"a":0,"k":0,"ix":4},"sa":{"a":0,"k":0,"ix":5},"nm":"Transform"}],"nm":"R Puddle Hilit 01","np":2,"cix":2,"bm":0,"ix":1,"mn":"ADBE Vector Group","hd":false}],"ip":15,"op":41,"st":0,"bm":0},{"ddd":0,"ind":7,"ty":4,"nm":"Drop 02 R","sr":1,"ks":{"o":{"a":0,"k":100,"ix":11},"r":{"a":0,"k":0,"ix":10},"p":{"a":1,"k":[{"i":{"x":0.667,"y":1},"o":{"x":0.333,"y":0},"t":40,"s":[181.5,545,0],"to":[0,3.661,0],"ti":[0,-8.211,0]},{"i":{"x":0.667,"y":1},"o":{"x":0.333,"y":0},"t":41,"s":[181.5,533.751,0],"to":[0,19.822,0],"ti":[0,-8.839,0]},{"t":46,"s":[181.5,620,0]}],"ix":2,"l":2},"a":{"a":0,"k":[-128,216,0],"ix":1,"l":2},"s":{"a":0,"k":[100,100,100],"ix":6,"l":2}},"ao":0,"shapes":[{"ty":"gr","it":[{"d":1,"ty":"el","s":{"a":0,"k":[10.776,15.77],"ix":2},"p":{"a":0,"k":[0,0],"ix":3},"nm":"Ellipse Path 1","mn":"ADBE Vector Shape - Ellipse","hd":false},{"ty":"fl","c":{"a":0,"k":[0.152941176471,0.709803921569,0.956862804936,1],"ix":4},"o":{"a":0,"k":100,"ix":5},"r":1,"bm":0,"nm":"Fill 1","mn":"ADBE Vector Graphic - Fill","hd":false},{"ty":"tr","p":{"a":0,"k":[-128.17,215.385],"ix":2},"a":{"a":0,"k":[0,0],"ix":1},"s":{"a":0,"k":[100,100],"ix":3},"r":{"a":0,"k":0,"ix":6},"o":{"a":0,"k":100,"ix":7},"sk":{"a":0,"k":0,"ix":4},"sa":{"a":0,"k":0,"ix":5},"nm":"Transform"}],"nm":"Drop 02 R","np":3,"cix":2,"bm":0,"ix":1,"mn":"ADBE Vector Group","hd":false}],"ip":41,"op":46,"st":-1,"bm":0},{"ddd":0,"ind":8,"ty":4,"nm":"Drop 01 L","sr":1,"ks":{"o":{"a":0,"k":100,"ix":11},"r":{"a":0,"k":0,"ix":10},"p":{"a":1,"k":[{"i":{"x":0.667,"y":1},"o":{"x":0.333,"y":0},"t":41,"s":[482,556,0],"to":[0,3.661,0],"ti":[0,-8.211,0]},{"i":{"x":0.667,"y":1},"o":{"x":0.333,"y":0},"t":42,"s":[482,544.751,0],"to":[0,19.822,0],"ti":[0,-8.839,0]},{"t":45,"s":[482,631,0]}],"ix":2,"l":2},"a":{"a":0,"k":[-128,216,0],"ix":1,"l":2},"s":{"a":0,"k":[100,100,100],"ix":6,"l":2}},"ao":0,"shapes":[{"ty":"gr","it":[{"d":1,"ty":"el","s":{"a":0,"k":[19.66,28.77],"ix":2},"p":{"a":0,"k":[0,0],"ix":3},"nm":"Ellipse Path 1","mn":"ADBE Vector Shape - Ellipse","hd":false},{"ty":"fl","c":{"a":0,"k":[0.152941176471,0.709803921569,0.956862804936,1],"ix":4},"o":{"a":0,"k":100,"ix":5},"r":1,"bm":0,"nm":"Fill 1","mn":"ADBE Vector Graphic - Fill","hd":false},{"ty":"tr","p":{"a":0,"k":[-128.17,215.385],"ix":2},"a":{"a":0,"k":[0,0],"ix":1},"s":{"a":0,"k":[100,100],"ix":3},"r":{"a":0,"k":0,"ix":6},"o":{"a":0,"k":100,"ix":7},"sk":{"a":0,"k":0,"ix":4},"sa":{"a":0,"k":0,"ix":5},"nm":"Transform"}],"nm":"Drop 01 L","np":2,"cix":2,"bm":0,"ix":1,"mn":"ADBE Vector Group","hd":false}],"ip":41,"op":45,"st":0,"bm":0},{"ddd":0,"ind":9,"ty":4,"nm":"Drop 01 R","sr":1,"ks":{"o":{"a":0,"k":100,"ix":11},"r":{"a":0,"k":0,"ix":10},"p":{"a":1,"k":[{"i":{"x":0.667,"y":1},"o":{"x":0.333,"y":0},"t":41,"s":[212,556,0],"to":[0,3.661,0],"ti":[0,-8.211,0]},{"i":{"x":0.667,"y":1},"o":{"x":0.333,"y":0},"t":42,"s":[212,544.751,0],"to":[0,19.822,0],"ti":[0,-8.839,0]},{"t":45,"s":[212,631,0]}],"ix":2,"l":2},"a":{"a":0,"k":[-128,216,0],"ix":1,"l":2},"s":{"a":0,"k":[100,100,100],"ix":6,"l":2}},"ao":0,"shapes":[{"ty":"gr","it":[{"d":1,"ty":"el","s":{"a":0,"k":[19.66,28.77],"ix":2},"p":{"a":0,"k":[0,0],"ix":3},"nm":"Ellipse Path 1","mn":"ADBE Vector Shape - Ellipse","hd":false},{"ty":"fl","c":{"a":0,"k":[0.152941176471,0.709803921569,0.956862804936,1],"ix":4},"o":{"a":0,"k":100,"ix":5},"r":1,"bm":0,"nm":"Fill 1","mn":"ADBE Vector Graphic - Fill","hd":false},{"ty":"tr","p":{"a":0,"k":[-128.17,215.385],"ix":2},"a":{"a":0,"k":[0,0],"ix":1},"s":{"a":0,"k":[100,100],"ix":3},"r":{"a":0,"k":0,"ix":6},"o":{"a":0,"k":100,"ix":7},"sk":{"a":0,"k":0,"ix":4},"sa":{"a":0,"k":0,"ix":5},"nm":"Transform"}],"nm":"Drop 01 R","np":2,"cix":2,"bm":0,"ix":1,"mn":"ADBE Vector Group","hd":false}],"ip":41,"op":45,"st":0,"bm":0},{"ddd":0,"ind":10,"ty":4,"nm":"Puddle 03 L","sr":1,"ks":{"o":{"a":0,"k":100,"ix":11},"r":{"a":0,"k":0,"ix":10},"p":{"a":0,"k":[328,335,0],"ix":2,"l":2},"a":{"a":0,"k":[0,0,0],"ix":1,"l":2},"s":{"a":0,"k":[-100,100,100],"ix":6,"l":2}},"ao":0,"shapes":[{"ty":"gr","it":[{"d":1,"ty":"el","s":{"a":1,"k":[{"i":{"x":[0.833,0.833],"y":[1,1]},"o":{"x":[0.333,0.333],"y":[0,0]},"t":42,"s":[87.656,35.207]},{"t":47,"s":[26.656,10.706]}],"ix":2},"p":{"a":1,"k":[{"i":{"x":0.667,"y":1},"o":{"x":0.333,"y":0},"t":42,"s":[-17,0],"to":[0.5,0],"ti":[-0.5,0]},{"t":47,"s":[-14,0]}],"ix":3},"nm":"Ellipse Path 1","mn":"ADBE Vector Shape - Ellipse","hd":false},{"ty":"fl","c":{"a":0,"k":[0.152941176471,0.709803921569,0.956862804936,1],"ix":4},"o":{"a":0,"k":100,"ix":5},"r":1,"bm":0,"nm":"Fill 1","mn":"ADBE Vector Graphic - Fill","hd":false},{"ty":"tr","p":{"a":0,"k":[-133.383,290.844],"ix":2},"a":{"a":0,"k":[0,0],"ix":1},"s":{"a":0,"k":[100,100],"ix":3},"r":{"a":0,"k":0,"ix":6},"o":{"a":0,"k":100,"ix":7},"sk":{"a":0,"k":0,"ix":4},"sa":{"a":0,"k":0,"ix":5},"nm":"Transform"}],"nm":"Puddle 01 R","np":2,"cix":2,"bm":0,"ix":1,"mn":"ADBE Vector Group","hd":false}],"ip":42,"op":48,"st":0,"bm":0},{"ddd":0,"ind":11,"ty":4,"nm":"Puddle 03 R ","sr":1,"ks":{"o":{"a":0,"k":100,"ix":11},"r":{"a":0,"k":0,"ix":10},"p":{"a":0,"k":[340,340,0],"ix":2,"l":2},"a":{"a":0,"k":[0,0,0],"ix":1,"l":2},"s":{"a":0,"k":[100,100,100],"ix":6,"l":2}},"ao":0,"shapes":[{"ty":"gr","it":[{"d":1,"ty":"el","s":{"a":1,"k":[{"i":{"x":[0.833,0.833],"y":[1,1]},"o":{"x":[0.333,0.333],"y":[0,0]},"t":42,"s":[87.656,35.207]},{"t":47,"s":[26.656,10.706]}],"ix":2},"p":{"a":1,"k":[{"i":{"x":0.667,"y":1},"o":{"x":0.333,"y":0},"t":42,"s":[-17,0],"to":[0.5,0],"ti":[-0.5,0]},{"t":47,"s":[-14,0]}],"ix":3},"nm":"Ellipse Path 1","mn":"ADBE Vector Shape - Ellipse","hd":false},{"ty":"fl","c":{"a":0,"k":[0.152941176471,0.709803921569,0.956862804936,1],"ix":4},"o":{"a":0,"k":100,"ix":5},"r":1,"bm":0,"nm":"Fill 1","mn":"ADBE Vector Graphic - Fill","hd":false},{"ty":"tr","p":{"a":0,"k":[-133.383,290.844],"ix":2},"a":{"a":0,"k":[0,0],"ix":1},"s":{"a":0,"k":[100,100],"ix":3},"r":{"a":0,"k":0,"ix":6},"o":{"a":0,"k":100,"ix":7},"sk":{"a":0,"k":0,"ix":4},"sa":{"a":0,"k":0,"ix":5},"nm":"Transform"}],"nm":"Puddle 01 R","np":2,"cix":2,"bm":0,"ix":1,"mn":"ADBE Vector Group","hd":false}],"ip":42,"op":48,"st":0,"bm":0},{"ddd":0,"ind":12,"ty":4,"nm":"Puddle 01 L","sr":1,"ks":{"o":{"a":0,"k":100,"ix":11},"r":{"a":0,"k":0,"ix":10},"p":{"a":0,"k":[328,340,0],"ix":2,"l":2},"a":{"a":0,"k":[0,0,0],"ix":1,"l":2},"s":{"a":0,"k":[-100,100,100],"ix":6,"l":2}},"ao":0,"shapes":[{"ty":"gr","it":[{"d":1,"ty":"el","s":{"a":1,"k":[{"i":{"x":[0.46,0.46],"y":[1,1]},"o":{"x":[0.166,0.166],"y":[0,0]},"t":15,"s":[98.085,39.395]},{"i":{"x":[0.833,0.833],"y":[1,1]},"o":{"x":[0.333,0.333],"y":[0,0]},"t":40,"s":[176.656,70.953]},{"t":48,"s":[26.656,10.706]}],"ix":2},"p":{"a":1,"k":[{"i":{"x":0.667,"y":1},"o":{"x":0.333,"y":0},"t":15,"s":[-6,0],"to":[1,0],"ti":[-6.833,0]},{"i":{"x":0.667,"y":1},"o":{"x":0.333,"y":0},"t":40,"s":[0,0],"to":[6.833,0],"ti":[-5.833,0]},{"t":48,"s":[35,0]}],"ix":3},"nm":"Ellipse Path 1","mn":"ADBE Vector Shape - Ellipse","hd":false},{"ty":"fl","c":{"a":0,"k":[0.152941176471,0.709803921569,0.956862804936,1],"ix":4},"o":{"a":0,"k":100,"ix":5},"r":1,"bm":0,"nm":"Fill 1","mn":"ADBE Vector Graphic - Fill","hd":false},{"ty":"tr","p":{"a":0,"k":[-133.383,290.844],"ix":2},"a":{"a":0,"k":[0,0],"ix":1},"s":{"a":0,"k":[100,100],"ix":3},"r":{"a":0,"k":0,"ix":6},"o":{"a":0,"k":100,"ix":7},"sk":{"a":0,"k":0,"ix":4},"sa":{"a":0,"k":0,"ix":5},"nm":"Transform"}],"nm":"Puddle 01 R","np":2,"cix":2,"bm":0,"ix":1,"mn":"ADBE Vector Group","hd":false}],"ip":15,"op":48,"st":0,"bm":0},{"ddd":0,"ind":13,"ty":4,"nm":"Puddle 01 R","sr":1,"ks":{"o":{"a":0,"k":100,"ix":11},"r":{"a":0,"k":0,"ix":10},"p":{"a":0,"k":[340,340,0],"ix":2,"l":2},"a":{"a":0,"k":[0,0,0],"ix":1,"l":2},"s":{"a":0,"k":[100,100,100],"ix":6,"l":2}},"ao":0,"shapes":[{"ty":"gr","it":[{"d":1,"ty":"el","s":{"a":1,"k":[{"i":{"x":[0.46,0.46],"y":[1,1]},"o":{"x":[0.166,0.166],"y":[0,0]},"t":15,"s":[98.085,39.395]},{"i":{"x":[0.833,0.833],"y":[1,1]},"o":{"x":[0.333,0.333],"y":[0,0]},"t":40,"s":[176.656,70.953]},{"t":48,"s":[26.656,10.706]}],"ix":2},"p":{"a":1,"k":[{"i":{"x":0.667,"y":1},"o":{"x":0.333,"y":0},"t":15,"s":[-6,0],"to":[1,0],"ti":[-6.833,0]},{"i":{"x":0.667,"y":1},"o":{"x":0.333,"y":0},"t":40,"s":[0,0],"to":[6.833,0],"ti":[-5.833,0]},{"t":48,"s":[35,0]}],"ix":3},"nm":"Ellipse Path 1","mn":"ADBE Vector Shape - Ellipse","hd":false},{"ty":"fl","c":{"a":0,"k":[0.152941176471,0.709803921569,0.956862804936,1],"ix":4},"o":{"a":0,"k":100,"ix":5},"r":1,"bm":0,"nm":"Fill 1","mn":"ADBE Vector Graphic - Fill","hd":false},{"ty":"tr","p":{"a":0,"k":[-133.383,290.844],"ix":2},"a":{"a":0,"k":[0,0],"ix":1},"s":{"a":0,"k":[100,100],"ix":3},"r":{"a":0,"k":0,"ix":6},"o":{"a":0,"k":100,"ix":7},"sk":{"a":0,"k":0,"ix":4},"sa":{"a":0,"k":0,"ix":5},"nm":"Transform"}],"nm":"Puddle 01 R","np":2,"cix":2,"bm":0,"ix":1,"mn":"ADBE Vector Group","hd":false}],"ip":15,"op":48,"st":0,"bm":0},{"ddd":0,"ind":14,"ty":3,"nm":"Face ctrl","parent":25,"sr":1,"ks":{"o":{"a":0,"k":0,"ix":11},"r":{"a":0,"k":0,"ix":10},"p":{"a":1,"k":[{"i":{"x":0.833,"y":0.833},"o":{"x":0.333,"y":0.333},"t":13,"s":[2.513,-2.307,0],"to":[0,0,0],"ti":[0,0,0]},{"i":{"x":0.667,"y":1},"o":{"x":0.333,"y":0},"t":19,"s":[2.513,-2.307,0],"to":[0,-1.833,0],"ti":[0,-0.833,0]},{"i":{"x":0.667,"y":1},"o":{"x":0.333,"y":0},"t":23,"s":[2.513,-13.307,0],"to":[0,0.833,0],"ti":[0,0,0]},{"i":{"x":0.667,"y":1},"o":{"x":0.333,"y":0},"t":27,"s":[2.513,2.693,0],"to":[0,0,0],"ti":[0,0,0]},{"i":{"x":0.667,"y":1},"o":{"x":0.333,"y":0},"t":31,"s":[2.513,-13.307,0],"to":[0,0,0],"ti":[0,0,0]},{"i":{"x":0.667,"y":1},"o":{"x":0.333,"y":0},"t":35,"s":[2.513,2.693,0],"to":[0,0,0],"ti":[0,0.833,0]},{"i":{"x":0.667,"y":1},"o":{"x":0.333,"y":0},"t":39,"s":[2.513,-13.307,0],"to":[0,-0.833,0],"ti":[0,-1.833,0]},{"t":43,"s":[2.513,-2.307,0]}],"ix":2,"l":2},"a":{"a":0,"k":[0,0,0],"ix":1,"l":2},"s":{"a":0,"k":[88.496,88.496,100],"ix":6,"l":2}},"ao":0,"ip":0,"op":48,"st":0,"bm":0},{"ddd":0,"ind":15,"ty":4,"nm":"L Brow ","parent":14,"sr":1,"ks":{"o":{"a":0,"k":100,"ix":11},"r":{"a":1,"k":[{"i":{"x":[0.667],"y":[1]},"o":{"x":[0.333],"y":[0]},"t":0,"s":[-38]},{"i":{"x":[0.833],"y":[1]},"o":{"x":[0.333],"y":[0]},"t":7,"s":[-29]},{"i":{"x":[0.833],"y":[1]},"o":{"x":[0.167],"y":[0]},"t":10,"s":[-29]},{"i":{"x":[0.58],"y":[1]},"o":{"x":[0.037],"y":[0]},"t":13,"s":[-38]},{"i":{"x":[0.58],"y":[1]},"o":{"x":[0.167],"y":[0]},"t":18,"s":[0]},{"i":{"x":[0.582],"y":[0.67]},"o":{"x":[0.18],"y":[0]},"t":39,"s":[0]},{"i":{"x":[0.702],"y":[1]},"o":{"x":[0.347],"y":[1.541]},"t":43,"s":[-33.533]},{"t":46,"s":[-38]}],"ix":10},"p":{"a":1,"k":[{"i":{"x":0.667,"y":1},"o":{"x":0.333,"y":0},"t":0,"s":[115,-175,0],"to":[0,-2.167,0],"ti":[0,2.167,0]},{"i":{"x":0.667,"y":0.667},"o":{"x":0.333,"y":0.333},"t":7,"s":[115,-188,0],"to":[0,0,0],"ti":[0,0,0]},{"i":{"x":0.667,"y":1},"o":{"x":0.333,"y":0},"t":10,"s":[115,-188,0],"to":[0,19,0],"ti":[-10.5,-9,0]},{"i":{"x":0.413,"y":1},"o":{"x":0.204,"y":0},"t":13,"s":[115,-74,0],"to":[10.5,9,0],"ti":[-10.5,10,0]},{"i":{"x":0.413,"y":0.413},"o":{"x":0.333,"y":0.333},"t":18,"s":[178,-134,0],"to":[0,0,0],"ti":[0,0,0]},{"i":{"x":0.667,"y":0.62},"o":{"x":0.333,"y":0},"t":39,"s":[178,-134,0],"to":[-6.148,-4.001,0],"ti":[15.1,9.827,0]},{"i":{"x":0.667,"y":1},"o":{"x":0.333,"y":0.252},"t":43,"s":[128.806,-114.857,0],"to":[-10.689,-6.957,0],"ti":[4.352,2.832,0]},{"t":46,"s":[115,-175,0]}],"ix":2,"l":2},"a":{"a":0,"k":[-193,-133,0],"ix":1,"l":2},"s":{"a":0,"k":[-100,100,100],"ix":6,"l":2}},"ao":0,"shapes":[{"ty":"gr","it":[{"ind":0,"ty":"sh","ix":1,"ks":{"a":0,"k":{"i":[[15,-2],[4,-9.5],[-6.031,-3.446],[-7,10],[-12,4],[1.25,5]],"o":[[-51,7.5],[-4,9.5],[7,4],[21.5,-33],[12,-4],[-0.883,-3.531]],"v":[[-153.5,-165],[-232.25,-104.75],[-231,-83.5],[-211.5,-94.5],[-149,-145],[-137.5,-159]],"c":true},"ix":2},"nm":"Path 1","mn":"ADBE Vector Shape - Group","hd":false},{"ty":"fl","c":{"a":0,"k":[0.207843152214,0.133333333333,0.047058827269,1],"ix":4},"o":{"a":0,"k":100,"ix":5},"r":1,"bm":0,"nm":"Fill 1","mn":"ADBE Vector Graphic - Fill","hd":false},{"ty":"tr","p":{"a":0,"k":[0,0],"ix":2},"a":{"a":0,"k":[0,0],"ix":1},"s":{"a":0,"k":[100,100],"ix":3},"r":{"a":0,"k":0,"ix":6},"o":{"a":0,"k":100,"ix":7},"sk":{"a":0,"k":0,"ix":4},"sa":{"a":0,"k":0,"ix":5},"nm":"Transform"}],"nm":"L Brow","np":2,"cix":2,"bm":0,"ix":1,"mn":"ADBE Vector Group","hd":false}],"ip":0,"op":48,"st":0,"bm":0},{"ddd":0,"ind":16,"ty":4,"nm":"R Brow","parent":14,"sr":1,"ks":{"o":{"a":0,"k":100,"ix":11},"r":{"a":1,"k":[{"i":{"x":[0.667],"y":[1]},"o":{"x":[0.333],"y":[0]},"t":0,"s":[38]},{"i":{"x":[0.833],"y":[1]},"o":{"x":[0.333],"y":[0]},"t":7,"s":[29]},{"i":{"x":[0.833],"y":[1]},"o":{"x":[0.167],"y":[0]},"t":10,"s":[29]},{"i":{"x":[0.58],"y":[1]},"o":{"x":[0.037],"y":[0]},"t":13,"s":[38]},{"i":{"x":[0.58],"y":[1]},"o":{"x":[0.167],"y":[0]},"t":18,"s":[0]},{"i":{"x":[0.582],"y":[0.688]},"o":{"x":[0.18],"y":[0]},"t":39,"s":[0]},{"i":{"x":[0.702],"y":[1]},"o":{"x":[0.347],"y":[2.79]},"t":43,"s":[35.533]},{"t":46,"s":[38]}],"ix":10},"p":{"a":1,"k":[{"i":{"x":0.667,"y":1},"o":{"x":0.333,"y":0},"t":0,"s":[-135,-170,0],"to":[0,-2.667,0],"ti":[0,2.667,0]},{"i":{"x":0.667,"y":0.667},"o":{"x":0.333,"y":0.333},"t":7,"s":[-135,-186,0],"to":[0,0,0],"ti":[0,0,0]},{"i":{"x":0.667,"y":1},"o":{"x":0.333,"y":0},"t":10,"s":[-135,-186,0],"to":[0,19,0],"ti":[9.5,-9,0]},{"i":{"x":0.413,"y":1},"o":{"x":0.204,"y":0},"t":13,"s":[-135,-72,0],"to":[-9.5,9,0],"ti":[9.5,10,0]},{"i":{"x":0.413,"y":0.413},"o":{"x":0.333,"y":0.333},"t":18,"s":[-192,-132,0],"to":[0,0,0],"ti":[0,0,0]},{"i":{"x":0.667,"y":0.679},"o":{"x":0.333,"y":0},"t":39,"s":[-192,-132,0],"to":[5.562,-3.708,0],"ti":[-13.661,9.107,0]},{"i":{"x":0.667,"y":1},"o":{"x":0.333,"y":0.239},"t":43,"s":[-138.447,-111.036,0],"to":[9.673,-6.449,0],"ti":[-3.938,2.625,0]},{"t":46,"s":[-135,-170,0]}],"ix":2,"l":2},"a":{"a":0,"k":[-193,-133,0],"ix":1,"l":2},"s":{"a":0,"k":[100,100,100],"ix":6,"l":2}},"ao":0,"shapes":[{"ty":"gr","it":[{"ind":0,"ty":"sh","ix":1,"ks":{"a":0,"k":{"i":[[15,-2],[4,-9.5],[-6.031,-3.446],[-7,10],[-12,4],[1.25,5]],"o":[[-51,7.5],[-4,9.5],[7,4],[21.5,-33],[12,-4],[-0.883,-3.531]],"v":[[-153.5,-165],[-232.25,-104.75],[-231,-83.5],[-211.5,-94.5],[-149,-145],[-137.5,-159]],"c":true},"ix":2},"nm":"Path 1","mn":"ADBE Vector Shape - Group","hd":false},{"ty":"fl","c":{"a":0,"k":[0.207843152214,0.133333333333,0.047058827269,1],"ix":4},"o":{"a":0,"k":100,"ix":5},"r":1,"bm":0,"nm":"Fill 1","mn":"ADBE Vector Graphic - Fill","hd":false},{"ty":"tr","p":{"a":0,"k":[0,0],"ix":2},"a":{"a":0,"k":[0,0],"ix":1},"s":{"a":0,"k":[100,100],"ix":3},"r":{"a":0,"k":0,"ix":6},"o":{"a":0,"k":100,"ix":7},"sk":{"a":0,"k":0,"ix":4},"sa":{"a":0,"k":0,"ix":5},"nm":"Transform"}],"nm":"R Brow","np":2,"cix":2,"bm":0,"ix":1,"mn":"ADBE Vector Group","hd":false}],"ip":0,"op":48,"st":0,"bm":0},{"ddd":0,"ind":17,"ty":4,"nm":"L Tear ","parent":20,"sr":1,"ks":{"o":{"a":1,"k":[{"t":0,"s":[100],"h":1},{"t":12,"s":[0],"h":1}],"ix":11},"r":{"a":0,"k":0,"ix":10},"p":{"a":1,"k":[{"i":{"x":0.667,"y":1},"o":{"x":0.333,"y":0},"t":0,"s":[-134,5.048,0],"to":[2,-0.675,0],"ti":[-2,0.675,0]},{"t":10,"s":[-122,1,0]}],"ix":2,"l":2},"a":{"a":0,"k":[120,4,0],"ix":1,"l":2},"s":{"a":0,"k":[100,100,100],"ix":6,"l":2}},"ao":0,"shapes":[{"ty":"gr","it":[{"ty":"rc","d":1,"s":{"a":1,"k":[{"i":{"x":[0.667,0.667],"y":[0.294,0.636]},"o":{"x":[0.333,0.333],"y":[0,0]},"t":0,"s":[10.221,8.939]},{"i":{"x":[0.667,0.667],"y":[1,1]},"o":{"x":[0.333,0.333],"y":[0.906,-0.66]},"t":6,"s":[51.021,20.011]},{"t":10,"s":[72.221,15.939]}],"ix":2},"p":{"a":1,"k":[{"i":{"x":0.667,"y":1},"o":{"x":0.333,"y":0},"t":0,"s":[-3,-4],"to":[0,-0.667],"ti":[2,0.333]},{"i":{"x":0.667,"y":1},"o":{"x":0.333,"y":0},"t":6,"s":[-3,-8],"to":[-2,-0.333],"ti":[2,-0.333]},{"t":10,"s":[-15,-6]}],"ix":3},"r":{"a":0,"k":20,"ix":4},"nm":"Rectangle Path 1","mn":"ADBE Vector Shape - Rect","hd":false},{"ty":"fl","c":{"a":0,"k":[0.505882352941,0.827451040231,0.976470648074,1],"ix":4},"o":{"a":0,"k":100,"ix":5},"r":1,"bm":0,"nm":"Fill 1","mn":"ADBE Vector Graphic - Fill","hd":false},{"ty":"tr","p":{"a":0,"k":[119.61,4.47],"ix":2},"a":{"a":0,"k":[0,0],"ix":1},"s":{"a":0,"k":[100,100],"ix":3},"r":{"a":0,"k":0,"ix":6},"o":{"a":0,"k":100,"ix":7},"sk":{"a":0,"k":0,"ix":4},"sa":{"a":0,"k":0,"ix":5},"nm":"Transform"}],"nm":"L Tear Shine","np":2,"cix":2,"bm":0,"ix":1,"mn":"ADBE Vector Group","hd":false},{"ty":"gr","it":[{"ty":"rc","d":1,"s":{"a":1,"k":[{"i":{"x":[0.667,0.667],"y":[0.294,0.839]},"o":{"x":[0.333,0.333],"y":[0,0]},"t":0,"s":[24.221,18.939]},{"i":{"x":[0.667,0.667],"y":[1,1]},"o":{"x":[0.333,0.333],"y":[0.324,-0.243]},"t":6,"s":[65.021,44.011]},{"t":10,"s":[124.221,32.939]}],"ix":2},"p":{"a":0,"k":[0,0],"ix":3},"r":{"a":0,"k":20,"ix":4},"nm":"Rectangle Path 1","mn":"ADBE Vector Shape - Rect","hd":false},{"ty":"fl","c":{"a":0,"k":[0.172549019608,0.717647058824,0.956862804936,1],"ix":4},"o":{"a":0,"k":100,"ix":5},"r":1,"bm":0,"nm":"Fill 1","mn":"ADBE Vector Graphic - Fill","hd":false},{"ty":"tr","p":{"a":0,"k":[119.61,4.47],"ix":2},"a":{"a":0,"k":[0,0],"ix":1},"s":{"a":0,"k":[100,100],"ix":3},"r":{"a":0,"k":0,"ix":6},"o":{"a":0,"k":100,"ix":7},"sk":{"a":0,"k":0,"ix":4},"sa":{"a":0,"k":0,"ix":5},"nm":"Transform"}],"nm":"L Tear","np":2,"cix":2,"bm":0,"ix":2,"mn":"ADBE Vector Group","hd":false}],"ip":0,"op":48,"st":0,"bm":0},{"ddd":0,"ind":18,"ty":4,"nm":"R Tear ","parent":19,"sr":1,"ks":{"o":{"a":1,"k":[{"t":0,"s":[100],"h":1},{"t":12,"s":[0],"h":1}],"ix":11},"r":{"a":0,"k":0,"ix":10},"p":{"a":1,"k":[{"i":{"x":0.667,"y":1},"o":{"x":0.333,"y":0},"t":0,"s":[-134,5.048,0],"to":[2,-0.675,0],"ti":[-2,0.675,0]},{"t":10,"s":[-122,1,0]}],"ix":2,"l":2},"a":{"a":0,"k":[120,4,0],"ix":1,"l":2},"s":{"a":0,"k":[100,100,100],"ix":6,"l":2}},"ao":0,"shapes":[{"ty":"gr","it":[{"ty":"rc","d":1,"s":{"a":1,"k":[{"i":{"x":[0.667,0.667],"y":[0.294,0.636]},"o":{"x":[0.333,0.333],"y":[0,0]},"t":0,"s":[10.221,8.939]},{"i":{"x":[0.667,0.667],"y":[1,1]},"o":{"x":[0.333,0.333],"y":[0.906,-0.66]},"t":6,"s":[51.021,20.011]},{"t":10,"s":[72.221,15.939]}],"ix":2},"p":{"a":1,"k":[{"i":{"x":0.667,"y":1},"o":{"x":0.333,"y":0},"t":0,"s":[-3,-4],"to":[0,-0.667],"ti":[2,0.333]},{"i":{"x":0.667,"y":1},"o":{"x":0.333,"y":0},"t":6,"s":[-3,-8],"to":[-2,-0.333],"ti":[2,-0.333]},{"t":10,"s":[-15,-6]}],"ix":3},"r":{"a":0,"k":20,"ix":4},"nm":"Rectangle Path 1","mn":"ADBE Vector Shape - Rect","hd":false},{"ty":"fl","c":{"a":0,"k":[0.505882352941,0.827451040231,0.976470648074,1],"ix":4},"o":{"a":0,"k":100,"ix":5},"r":1,"bm":0,"nm":"Fill 1","mn":"ADBE Vector Graphic - Fill","hd":false},{"ty":"tr","p":{"a":0,"k":[119.61,4.47],"ix":2},"a":{"a":0,"k":[0,0],"ix":1},"s":{"a":0,"k":[100,100],"ix":3},"r":{"a":0,"k":0,"ix":6},"o":{"a":0,"k":100,"ix":7},"sk":{"a":0,"k":0,"ix":4},"sa":{"a":0,"k":0,"ix":5},"nm":"Transform"}],"nm":"R Tear Shine","np":2,"cix":2,"bm":0,"ix":1,"mn":"ADBE Vector Group","hd":false},{"ty":"gr","it":[{"ty":"rc","d":1,"s":{"a":1,"k":[{"i":{"x":[0.667,0.667],"y":[0.294,0.839]},"o":{"x":[0.333,0.333],"y":[0,0]},"t":0,"s":[24.221,18.939]},{"i":{"x":[0.667,0.667],"y":[1,1]},"o":{"x":[0.333,0.333],"y":[0.324,-0.243]},"t":6,"s":[65.021,44.011]},{"t":10,"s":[124.221,32.939]}],"ix":2},"p":{"a":0,"k":[0,0],"ix":3},"r":{"a":0,"k":20,"ix":4},"nm":"Rectangle Path 1","mn":"ADBE Vector Shape - Rect","hd":false},{"ty":"fl","c":{"a":0,"k":[0.172549019608,0.717647058824,0.956862804936,1],"ix":4},"o":{"a":0,"k":100,"ix":5},"r":1,"bm":0,"nm":"Fill 1","mn":"ADBE Vector Graphic - Fill","hd":false},{"ty":"tr","p":{"a":0,"k":[119.61,4.47],"ix":2},"a":{"a":0,"k":[0,0],"ix":1},"s":{"a":0,"k":[100,100],"ix":3},"r":{"a":0,"k":0,"ix":6},"o":{"a":0,"k":100,"ix":7},"sk":{"a":0,"k":0,"ix":4},"sa":{"a":0,"k":0,"ix":5},"nm":"Transform"}],"nm":"R Tear","np":2,"cix":2,"bm":0,"ix":2,"mn":"ADBE Vector Group","hd":false}],"ip":0,"op":48,"st":0,"bm":0},{"ddd":0,"ind":19,"ty":4,"nm":"R Eye ","parent":14,"sr":1,"ks":{"o":{"a":0,"k":100,"ix":11},"r":{"a":0,"k":0,"ix":10},"p":{"a":1,"k":[{"i":{"x":0.247,"y":0.917},"o":{"x":0.186,"y":0},"t":10,"s":[-125,-63,0],"to":[0,8.833,0],"ti":[0,0,0]},{"i":{"x":0.234,"y":1},"o":{"x":0.443,"y":0.081},"t":13,"s":[-125,-10,0],"to":[0,0,0],"ti":[0,8.833,0]},{"i":{"x":0.234,"y":0.234},"o":{"x":0.333,"y":0.333},"t":18,"s":[-125,-63,0],"to":[0,0,0],"ti":[0,0,0]},{"i":{"x":0.234,"y":1},"o":{"x":0.333,"y":0},"t":39,"s":[-125,-63,0],"to":[0,5.667,0],"ti":[0,0,0]},{"i":{"x":0.667,"y":1},"o":{"x":0.167,"y":0},"t":43,"s":[-125,-29,0],"to":[0,0,0],"ti":[0,5.667,0]},{"t":47,"s":[-125,-63,0]}],"ix":2,"l":2},"a":{"a":0,"k":[-124,-63,0],"ix":1,"l":2},"s":{"a":1,"k":[{"i":{"x":[0.204,0.204,0.667],"y":[1,1,1]},"o":{"x":[0.533,0.533,0.333],"y":[0,0,0]},"t":0,"s":[83,83,100]},{"i":{"x":[0.833,0.833,0.833],"y":[1,1,1]},"o":{"x":[0.333,0.333,0.333],"y":[0,0,0]},"t":10,"s":[100,100,100]},{"i":{"x":[0.667,0.667,0.667],"y":[1,1,1]},"o":{"x":[0.167,0.167,0.167],"y":[0,0,0]},"t":43,"s":[100,100,100]},{"i":{"x":[0.187,0.213,0.667],"y":[1,1,1]},"o":{"x":[0.24,0.187,0.333],"y":[0,0,0]},"t":44,"s":[91,64,100]},{"t":47,"s":[83,83,100]}],"ix":6,"l":2}},"ao":0,"shapes":[{"ty":"gr","it":[{"ind":0,"ty":"sh","ix":1,"ks":{"a":0,"k":{"i":[[0,0],[-7.5,7.5]],"o":[[0,0],[4.5,-4.5]],"v":[[-105,-28.5],[-87,-43]],"c":false},"ix":2},"nm":"Path 1","mn":"ADBE Vector Shape - Group","hd":false},{"ty":"tm","s":{"a":0,"k":0,"ix":1},"e":{"a":1,"k":[{"i":{"x":[0.408],"y":[1]},"o":{"x":[0.832],"y":[0]},"t":0,"s":[10]},{"i":{"x":[0.833],"y":[1]},"o":{"x":[0.333],"y":[0]},"t":10,"s":[100]},{"i":{"x":[0.667],"y":[1]},"o":{"x":[0.167],"y":[0]},"t":43,"s":[100]},{"t":44,"s":[10]}],"ix":2},"o":{"a":0,"k":0,"ix":3},"m":1,"ix":2,"nm":"Trim Paths 1","mn":"ADBE Vector Filter - Trim","hd":false},{"ty":"st","c":{"a":0,"k":[1,1,1,1],"ix":3},"o":{"a":0,"k":100,"ix":4},"w":{"a":1,"k":[{"i":{"x":[0.408],"y":[1]},"o":{"x":[0.832],"y":[0]},"t":0,"s":[23]},{"i":{"x":[0.833],"y":[1]},"o":{"x":[0.333],"y":[0]},"t":10,"s":[41]},{"i":{"x":[0.667],"y":[1]},"o":{"x":[0.167],"y":[0]},"t":43,"s":[41]},{"t":44,"s":[23]}],"ix":5},"lc":2,"lj":1,"ml":4,"bm":0,"nm":"Stroke 1","mn":"ADBE Vector Graphic - Stroke","hd":false},{"ty":"tr","p":{"a":1,"k":[{"i":{"x":0.833,"y":0.833},"o":{"x":0.167,"y":0.167},"t":6,"s":[-122.574,-62.754],"to":[0.333,0.333],"ti":[0.167,-0.667]},{"i":{"x":0.833,"y":0.833},"o":{"x":0.167,"y":0.167},"t":8,"s":[-120.574,-60.754],"to":[-0.167,0.667],"ti":[0,-0.667]},{"i":{"x":0.833,"y":0.833},"o":{"x":0.167,"y":0.167},"t":10,"s":[-123.574,-58.754],"to":[0,0.667],"ti":[-0.167,0.667]},{"i":{"x":0.833,"y":0.833},"o":{"x":0.167,"y":0.167},"t":12,"s":[-120.574,-56.754],"to":[0.167,-0.667],"ti":[0.5,0.333]},{"i":{"x":0.833,"y":0.833},"o":{"x":0.167,"y":0.167},"t":14,"s":[-122.574,-62.754],"to":[-0.5,-0.333],"ti":[0.167,-0.667]},{"i":{"x":0.833,"y":0.833},"o":{"x":0.167,"y":0.167},"t":16,"s":[-123.574,-58.754],"to":[0,0],"ti":[0,0]},{"i":{"x":0.833,"y":0.833},"o":{"x":0.167,"y":0.167},"t":43,"s":[-123.574,-58.754],"to":[0.167,-0.667],"ti":[-0.167,0.667]},{"t":44,"s":[-122.574,-62.754]}],"ix":2},"a":{"a":0,"k":[-122.574,-62.754],"ix":1},"s":{"a":0,"k":[100,100],"ix":3},"r":{"a":1,"k":[{"i":{"x":[0.408],"y":[1]},"o":{"x":[0.832],"y":[0]},"t":0,"s":[36]},{"i":{"x":[0.833],"y":[1]},"o":{"x":[0.333],"y":[0]},"t":10,"s":[0]},{"i":{"x":[0.667],"y":[1]},"o":{"x":[0.167],"y":[0]},"t":43,"s":[0]},{"t":44,"s":[36]}],"ix":6},"o":{"a":1,"k":[{"t":0,"s":[100],"h":1},{"t":12,"s":[0],"h":1},{"t":44,"s":[100],"h":1}],"ix":7},"sk":{"a":0,"k":0,"ix":4},"sa":{"a":0,"k":0,"ix":5},"nm":"Transform"}],"nm":"Sheen 02","np":3,"cix":2,"bm":0,"ix":1,"mn":"ADBE Vector Group","hd":false},{"ty":"gr","it":[{"d":1,"ty":"el","s":{"a":1,"k":[{"i":{"x":[0.408,0.408],"y":[1,1]},"o":{"x":[0.832,0.832],"y":[0,0]},"t":0,"s":[33.488,33.488]},{"i":{"x":[0.833,0.833],"y":[1,1]},"o":{"x":[0.333,0.333],"y":[0,0]},"t":10,"s":[78.488,78.488]},{"i":{"x":[0.667,0.667],"y":[1,1]},"o":{"x":[0.167,0.167],"y":[0,0]},"t":43,"s":[78.488,78.488]},{"t":44,"s":[33.488,33.488]}],"ix":2},"p":{"a":0,"k":[0,0],"ix":3},"nm":"Ellipse Path 1","mn":"ADBE Vector Shape - Ellipse","hd":false},{"ty":"fl","c":{"a":0,"k":[1,1,1,1],"ix":4},"o":{"a":0,"k":100,"ix":5},"r":1,"bm":0,"nm":"Fill 1","mn":"ADBE Vector Graphic - Fill","hd":false},{"ty":"tr","p":{"a":1,"k":[{"i":{"x":0.833,"y":0.833},"o":{"x":0.167,"y":0.167},"t":6,"s":[-144.262,-80.787],"to":[0,0.5],"ti":[-0.667,0.833]},{"i":{"x":0.833,"y":0.833},"o":{"x":0.167,"y":0.167},"t":8,"s":[-144.262,-77.787],"to":[0.667,-0.833],"ti":[0.667,0.333]},{"i":{"x":0.833,"y":0.833},"o":{"x":0.167,"y":0.167},"t":10,"s":[-140.262,-85.787],"to":[-0.667,-0.333],"ti":[0.667,-0.833]},{"i":{"x":0.833,"y":0.833},"o":{"x":0.167,"y":0.167},"t":12,"s":[-148.262,-79.787],"to":[-0.667,0.833],"ti":[-0.667,-0.333]},{"i":{"x":0.833,"y":0.833},"o":{"x":0.167,"y":0.167},"t":14,"s":[-144.262,-80.787],"to":[0.667,0.333],"ti":[0,-0.5]},{"i":{"x":0.833,"y":0.833},"o":{"x":0.167,"y":0.167},"t":16,"s":[-144.262,-77.787],"to":[0,0],"ti":[0,0]},{"i":{"x":0.833,"y":0.833},"o":{"x":0.167,"y":0.167},"t":43,"s":[-144.262,-77.787],"to":[0,-0.5],"ti":[0,0.5]},{"t":44,"s":[-144.262,-80.787]}],"ix":2},"a":{"a":0,"k":[0,0],"ix":1},"s":{"a":0,"k":[100,100],"ix":3},"r":{"a":0,"k":0,"ix":6},"o":{"a":1,"k":[{"t":0,"s":[100],"h":1},{"t":12,"s":[0],"h":1},{"t":44,"s":[100],"h":1}],"ix":7},"sk":{"a":0,"k":0,"ix":4},"sa":{"a":0,"k":0,"ix":5},"nm":"Transform"}],"nm":"Sheen 01","np":2,"cix":2,"bm":0,"ix":2,"mn":"ADBE Vector Group","hd":false},{"ty":"gr","it":[{"d":1,"ty":"el","s":{"a":0,"k":[149.488,149.488],"ix":2},"p":{"a":0,"k":[0,0],"ix":3},"nm":"Ellipse Path 1","mn":"ADBE Vector Shape - Ellipse","hd":false},{"ty":"fl","c":{"a":0,"k":[0.207843152214,0.133333333333,0.047058827269,1],"ix":4},"o":{"a":0,"k":100,"ix":5},"r":1,"bm":0,"nm":"Fill 1","mn":"ADBE Vector Graphic - Fill","hd":false},{"ty":"tr","p":{"a":0,"k":[-123.244,-62.641],"ix":2},"a":{"a":0,"k":[0,0],"ix":1},"s":{"a":0,"k":[100,100],"ix":3},"r":{"a":0,"k":0,"ix":6},"o":{"a":1,"k":[{"t":0,"s":[100],"h":1},{"t":12,"s":[0],"h":1},{"t":44,"s":[100],"h":1}],"ix":7},"sk":{"a":0,"k":0,"ix":4},"sa":{"a":0,"k":0,"ix":5},"nm":"Transform"}],"nm":"O","np":2,"cix":2,"bm":0,"ix":3,"mn":"ADBE Vector Group","hd":false},{"ty":"gr","it":[{"ind":0,"ty":"sh","ix":1,"ks":{"a":1,"k":[{"i":{"x":0.667,"y":1},"o":{"x":0.333,"y":0},"t":19,"s":[{"i":[[37.997,-0.5],[4.5,-4.5],[-5,-6.5],[-7.301,5.974],[-16,0.25],[-13,-13],[-6.5,4.5],[5,5.5]],"o":[[-38,0.5],[-4.5,4.5],[5,6.5],[8.25,-6.75],[17.998,-0.281],[12.772,12.772],[7.179,-4.97],[-5,-5.5]],"v":[[-129,-93.5],[-190,-60.5],[-191.5,-41],[-167.5,-43.5],[-129.5,-63],[-89,-46.5],[-63,-39],[-65,-63.5]],"c":true}]},{"i":{"x":0.667,"y":1},"o":{"x":0.333,"y":0},"t":23,"s":[{"i":[[35.052,-0.563],[4.151,-5.069],[-4.612,-7.322],[-6.736,6.73],[-14.76,0.282],[-11.992,-14.645],[-5.996,5.069],[4.612,6.196]],"o":[[-35.055,0.563],[-4.151,5.069],[4.612,7.322],[7.611,-7.604],[16.603,-0.317],[11.782,14.388],[6.623,-5.599],[-4.612,-6.196]],"v":[[-128.78,-97.249],[-185.052,-60.074],[-186.435,-38.107],[-164.296,-40.924],[-129.241,-62.891],[-91.88,-44.303],[-67.896,-35.854],[-69.741,-63.454]],"c":true}]},{"i":{"x":0.667,"y":1},"o":{"x":0.333,"y":0},"t":27,"s":[{"i":[[37.997,-0.5],[4.5,-4.5],[-5,-6.5],[-7.301,5.974],[-16,0.25],[-13,-13],[-6.5,4.5],[5,5.5]],"o":[[-38,0.5],[-4.5,4.5],[5,6.5],[8.25,-6.75],[17.998,-0.281],[12.772,12.772],[7.179,-4.97],[-5,-5.5]],"v":[[-129,-93.5],[-190,-60.5],[-191.5,-41],[-167.5,-43.5],[-129.5,-63],[-89,-46.5],[-63,-39],[-65,-63.5]],"c":true}]},{"i":{"x":0.667,"y":1},"o":{"x":0.333,"y":0},"t":31,"s":[{"i":[[35.052,-0.563],[4.151,-5.069],[-4.612,-7.322],[-6.736,6.73],[-14.76,0.282],[-11.992,-14.645],[-5.996,5.069],[4.612,6.196]],"o":[[-35.055,0.563],[-4.151,5.069],[4.612,7.322],[7.611,-7.604],[16.603,-0.317],[11.782,14.388],[6.623,-5.599],[-4.612,-6.196]],"v":[[-128.78,-97.249],[-185.052,-60.074],[-186.435,-38.107],[-164.296,-40.924],[-129.241,-62.891],[-91.88,-44.303],[-67.896,-35.854],[-69.741,-63.454]],"c":true}]},{"i":{"x":0.667,"y":1},"o":{"x":0.333,"y":0},"t":35,"s":[{"i":[[37.997,-0.5],[4.5,-4.5],[-5,-6.5],[-7.301,5.974],[-16,0.25],[-13,-13],[-6.5,4.5],[5,5.5]],"o":[[-38,0.5],[-4.5,4.5],[5,6.5],[8.25,-6.75],[17.998,-0.281],[12.772,12.772],[7.179,-4.97],[-5,-5.5]],"v":[[-129,-93.5],[-190,-60.5],[-191.5,-41],[-167.5,-43.5],[-129.5,-63],[-89,-46.5],[-63,-39],[-65,-63.5]],"c":true}]},{"i":{"x":0.667,"y":1},"o":{"x":0.333,"y":0},"t":39,"s":[{"i":[[35.052,-0.563],[4.151,-5.069],[-4.612,-7.322],[-6.736,6.73],[-14.76,0.282],[-11.992,-14.645],[-5.996,5.069],[4.612,6.196]],"o":[[-35.055,0.563],[-4.151,5.069],[4.612,7.322],[7.611,-7.604],[16.603,-0.317],[11.782,14.388],[6.623,-5.599],[-4.612,-6.196]],"v":[[-128.78,-97.249],[-185.052,-60.074],[-186.435,-38.107],[-164.296,-40.924],[-129.241,-62.891],[-91.88,-44.303],[-67.896,-35.854],[-69.741,-63.454]],"c":true}]},{"t":43,"s":[{"i":[[37.997,-0.5],[4.5,-4.5],[-5,-6.5],[-7.301,5.974],[-16,0.25],[-13,-13],[-6.5,4.5],[5,5.5]],"o":[[-38,0.5],[-4.5,4.5],[5,6.5],[8.25,-6.75],[17.998,-0.281],[12.772,12.772],[7.179,-4.97],[-5,-5.5]],"v":[[-129,-93.5],[-190,-60.5],[-191.5,-41],[-167.5,-43.5],[-129.5,-63],[-89,-46.5],[-63,-39],[-65,-63.5]],"c":true}]}],"ix":2},"nm":"Path 1","mn":"ADBE Vector Shape - Group","hd":false},{"ty":"fl","c":{"a":0,"k":[0.207843152214,0.133333333333,0.047058827269,1],"ix":4},"o":{"a":0,"k":100,"ix":5},"r":1,"bm":0,"nm":"Fill 1","mn":"ADBE Vector Graphic - Fill","hd":false},{"ty":"tr","p":{"a":0,"k":[0,0],"ix":2},"a":{"a":0,"k":[0,0],"ix":1},"s":{"a":0,"k":[100,100],"ix":3},"r":{"a":0,"k":0,"ix":6},"o":{"a":1,"k":[{"t":0,"s":[0],"h":1},{"t":12,"s":[100],"h":1},{"t":44,"s":[0],"h":1}],"ix":7},"sk":{"a":0,"k":0,"ix":4},"sa":{"a":0,"k":0,"ix":5},"nm":"Transform"}],"nm":")","np":2,"cix":2,"bm":0,"ix":4,"mn":"ADBE Vector Group","hd":false}],"ip":0,"op":48,"st":0,"bm":0},{"ddd":0,"ind":20,"ty":4,"nm":"L Eye","parent":14,"sr":1,"ks":{"o":{"a":0,"k":100,"ix":11},"r":{"a":0,"k":0,"ix":10},"p":{"a":1,"k":[{"i":{"x":0.247,"y":0.917},"o":{"x":0.186,"y":0},"t":10,"s":[118,-63,0],"to":[0,8.833,0],"ti":[0,0,0]},{"i":{"x":0.234,"y":1},"o":{"x":0.443,"y":0.081},"t":13,"s":[118,-10,0],"to":[0,0,0],"ti":[0,8.833,0]},{"i":{"x":0.234,"y":0.234},"o":{"x":0.333,"y":0.333},"t":18,"s":[118,-63,0],"to":[0,0,0],"ti":[0,0,0]},{"i":{"x":0.234,"y":1},"o":{"x":0.333,"y":0},"t":39,"s":[118,-63,0],"to":[0,5.667,0],"ti":[0,0,0]},{"i":{"x":0.667,"y":1},"o":{"x":0.167,"y":0},"t":43,"s":[118,-29,0],"to":[0,0,0],"ti":[0,5.667,0]},{"t":47,"s":[118,-63,0]}],"ix":2,"l":2},"a":{"a":0,"k":[-124,-63,0],"ix":1,"l":2},"s":{"a":1,"k":[{"i":{"x":[0.204,0.204,0.667],"y":[1,1,1]},"o":{"x":[0.533,0.533,0.333],"y":[0,0,0]},"t":0,"s":[83,83,100]},{"i":{"x":[0.833,0.833,0.833],"y":[1,1,1]},"o":{"x":[0.333,0.333,0.333],"y":[0,0,0]},"t":10,"s":[100,100,100]},{"i":{"x":[0.667,0.667,0.667],"y":[1,1,1]},"o":{"x":[0.167,0.167,0.167],"y":[0,0,0]},"t":43,"s":[100,100,100]},{"i":{"x":[0.187,0.213,0.667],"y":[1,1,1]},"o":{"x":[0.24,0.187,0.333],"y":[0,0,0]},"t":44,"s":[91,64,100]},{"t":47,"s":[83,83,100]}],"ix":6,"l":2}},"ao":0,"shapes":[{"ty":"gr","it":[{"ind":0,"ty":"sh","ix":1,"ks":{"a":0,"k":{"i":[[0,0],[-7.5,7.5]],"o":[[0,0],[4.5,-4.5]],"v":[[-105,-28.5],[-87,-43]],"c":false},"ix":2},"nm":"Path 1","mn":"ADBE Vector Shape - Group","hd":false},{"ty":"tm","s":{"a":0,"k":0,"ix":1},"e":{"a":1,"k":[{"i":{"x":[0.408],"y":[1]},"o":{"x":[0.832],"y":[0]},"t":0,"s":[10]},{"i":{"x":[0.833],"y":[1]},"o":{"x":[0.333],"y":[0]},"t":10,"s":[100]},{"i":{"x":[0.667],"y":[1]},"o":{"x":[0.167],"y":[0]},"t":43,"s":[100]},{"t":44,"s":[10]}],"ix":2},"o":{"a":0,"k":0,"ix":3},"m":1,"ix":2,"nm":"Trim Paths 1","mn":"ADBE Vector Filter - Trim","hd":false},{"ty":"st","c":{"a":0,"k":[1,1,1,1],"ix":3},"o":{"a":0,"k":100,"ix":4},"w":{"a":1,"k":[{"i":{"x":[0.408],"y":[1]},"o":{"x":[0.832],"y":[0]},"t":0,"s":[23]},{"i":{"x":[0.833],"y":[1]},"o":{"x":[0.333],"y":[0]},"t":10,"s":[41]},{"i":{"x":[0.667],"y":[1]},"o":{"x":[0.167],"y":[0]},"t":43,"s":[41]},{"t":44,"s":[23]}],"ix":5},"lc":2,"lj":1,"ml":4,"bm":0,"nm":"Stroke 1","mn":"ADBE Vector Graphic - Stroke","hd":false},{"ty":"tr","p":{"a":1,"k":[{"i":{"x":0.833,"y":0.833},"o":{"x":0.167,"y":0.167},"t":6,"s":[-122.574,-62.754],"to":[0.333,0.333],"ti":[0.167,-0.667]},{"i":{"x":0.833,"y":0.833},"o":{"x":0.167,"y":0.167},"t":8,"s":[-120.574,-60.754],"to":[-0.167,0.667],"ti":[0,-0.667]},{"i":{"x":0.833,"y":0.833},"o":{"x":0.167,"y":0.167},"t":10,"s":[-123.574,-58.754],"to":[0,0.667],"ti":[-0.167,0.667]},{"i":{"x":0.833,"y":0.833},"o":{"x":0.167,"y":0.167},"t":12,"s":[-120.574,-56.754],"to":[0.167,-0.667],"ti":[0.5,0.333]},{"i":{"x":0.833,"y":0.833},"o":{"x":0.167,"y":0.167},"t":14,"s":[-122.574,-62.754],"to":[-0.5,-0.333],"ti":[0.167,-0.667]},{"i":{"x":0.833,"y":0.833},"o":{"x":0.167,"y":0.167},"t":16,"s":[-123.574,-58.754],"to":[0,0],"ti":[0,0]},{"i":{"x":0.833,"y":0.833},"o":{"x":0.167,"y":0.167},"t":43,"s":[-123.574,-58.754],"to":[0.167,-0.667],"ti":[-0.167,0.667]},{"t":44,"s":[-122.574,-62.754]}],"ix":2},"a":{"a":0,"k":[-122.574,-62.754],"ix":1},"s":{"a":0,"k":[100,100],"ix":3},"r":{"a":1,"k":[{"i":{"x":[0.408],"y":[1]},"o":{"x":[0.832],"y":[0]},"t":0,"s":[36]},{"i":{"x":[0.833],"y":[1]},"o":{"x":[0.333],"y":[0]},"t":10,"s":[0]},{"i":{"x":[0.667],"y":[1]},"o":{"x":[0.167],"y":[0]},"t":43,"s":[0]},{"t":44,"s":[36]}],"ix":6},"o":{"a":1,"k":[{"t":0,"s":[100],"h":1},{"t":12,"s":[0],"h":1},{"t":44,"s":[100],"h":1}],"ix":7},"sk":{"a":0,"k":0,"ix":4},"sa":{"a":0,"k":0,"ix":5},"nm":"Transform"}],"nm":"Sheen 02","np":3,"cix":2,"bm":0,"ix":1,"mn":"ADBE Vector Group","hd":false},{"ty":"gr","it":[{"d":1,"ty":"el","s":{"a":1,"k":[{"i":{"x":[0.408,0.408],"y":[1,1]},"o":{"x":[0.832,0.832],"y":[0,0]},"t":0,"s":[33.488,33.488]},{"i":{"x":[0.833,0.833],"y":[1,1]},"o":{"x":[0.333,0.333],"y":[0,0]},"t":10,"s":[78.488,78.488]},{"i":{"x":[0.667,0.667],"y":[1,1]},"o":{"x":[0.167,0.167],"y":[0,0]},"t":43,"s":[78.488,78.488]},{"t":44,"s":[33.488,33.488]}],"ix":2},"p":{"a":0,"k":[0,0],"ix":3},"nm":"Ellipse Path 1","mn":"ADBE Vector Shape - Ellipse","hd":false},{"ty":"fl","c":{"a":0,"k":[1,1,1,1],"ix":4},"o":{"a":0,"k":100,"ix":5},"r":1,"bm":0,"nm":"Fill 1","mn":"ADBE Vector Graphic - Fill","hd":false},{"ty":"tr","p":{"a":1,"k":[{"i":{"x":0.833,"y":0.833},"o":{"x":0.167,"y":0.167},"t":6,"s":[-144.262,-80.787],"to":[0,0.5],"ti":[-0.667,0.833]},{"i":{"x":0.833,"y":0.833},"o":{"x":0.167,"y":0.167},"t":8,"s":[-144.262,-77.787],"to":[0.667,-0.833],"ti":[0.667,0.333]},{"i":{"x":0.833,"y":0.833},"o":{"x":0.167,"y":0.167},"t":10,"s":[-140.262,-85.787],"to":[-0.667,-0.333],"ti":[0.667,-0.833]},{"i":{"x":0.833,"y":0.833},"o":{"x":0.167,"y":0.167},"t":12,"s":[-148.262,-79.787],"to":[-0.667,0.833],"ti":[-0.667,-0.333]},{"i":{"x":0.833,"y":0.833},"o":{"x":0.167,"y":0.167},"t":14,"s":[-144.262,-80.787],"to":[0.667,0.333],"ti":[0,-0.5]},{"i":{"x":0.833,"y":0.833},"o":{"x":0.167,"y":0.167},"t":16,"s":[-144.262,-77.787],"to":[0,0],"ti":[0,0]},{"i":{"x":0.833,"y":0.833},"o":{"x":0.167,"y":0.167},"t":43,"s":[-144.262,-77.787],"to":[0,-0.5],"ti":[0,0.5]},{"t":44,"s":[-144.262,-80.787]}],"ix":2},"a":{"a":0,"k":[0,0],"ix":1},"s":{"a":0,"k":[100,100],"ix":3},"r":{"a":0,"k":0,"ix":6},"o":{"a":1,"k":[{"t":0,"s":[100],"h":1},{"t":12,"s":[0],"h":1},{"t":44,"s":[100],"h":1}],"ix":7},"sk":{"a":0,"k":0,"ix":4},"sa":{"a":0,"k":0,"ix":5},"nm":"Transform"}],"nm":"Sheen 01","np":2,"cix":2,"bm":0,"ix":2,"mn":"ADBE Vector Group","hd":false},{"ty":"gr","it":[{"d":1,"ty":"el","s":{"a":0,"k":[149.488,149.488],"ix":2},"p":{"a":0,"k":[0,0],"ix":3},"nm":"Ellipse Path 1","mn":"ADBE Vector Shape - Ellipse","hd":false},{"ty":"fl","c":{"a":0,"k":[0.207843152214,0.133333333333,0.047058827269,1],"ix":4},"o":{"a":0,"k":100,"ix":5},"r":1,"bm":0,"nm":"Fill 1","mn":"ADBE Vector Graphic - Fill","hd":false},{"ty":"tr","p":{"a":0,"k":[-123.244,-62.641],"ix":2},"a":{"a":0,"k":[0,0],"ix":1},"s":{"a":0,"k":[100,100],"ix":3},"r":{"a":0,"k":0,"ix":6},"o":{"a":1,"k":[{"t":0,"s":[100],"h":1},{"t":12,"s":[0],"h":1},{"t":44,"s":[100],"h":1}],"ix":7},"sk":{"a":0,"k":0,"ix":4},"sa":{"a":0,"k":0,"ix":5},"nm":"Transform"}],"nm":"O","np":2,"cix":2,"bm":0,"ix":3,"mn":"ADBE Vector Group","hd":false},{"ty":"gr","it":[{"ind":0,"ty":"sh","ix":1,"ks":{"a":1,"k":[{"i":{"x":0.667,"y":1},"o":{"x":0.333,"y":0},"t":19,"s":[{"i":[[37.997,-0.5],[4.5,-4.5],[-5,-6.5],[-7.301,5.974],[-16,0.25],[-13,-13],[-6.5,4.5],[5,5.5]],"o":[[-38,0.5],[-4.5,4.5],[5,6.5],[8.25,-6.75],[17.998,-0.281],[12.772,12.772],[7.179,-4.97],[-5,-5.5]],"v":[[-129,-93.5],[-190,-60.5],[-191.5,-41],[-167.5,-43.5],[-129.5,-63],[-89,-46.5],[-63,-39],[-65,-63.5]],"c":true}]},{"i":{"x":0.667,"y":1},"o":{"x":0.333,"y":0},"t":23,"s":[{"i":[[35.052,-0.563],[4.151,-5.069],[-4.612,-7.322],[-6.736,6.73],[-14.76,0.282],[-11.992,-14.645],[-5.996,5.069],[4.612,6.196]],"o":[[-35.055,0.563],[-4.151,5.069],[4.612,7.322],[7.611,-7.604],[16.603,-0.317],[11.782,14.388],[6.623,-5.599],[-4.612,-6.196]],"v":[[-128.78,-97.249],[-185.052,-60.074],[-186.435,-38.107],[-164.296,-40.924],[-129.241,-62.891],[-91.88,-44.303],[-67.896,-35.854],[-69.741,-63.454]],"c":true}]},{"i":{"x":0.667,"y":1},"o":{"x":0.333,"y":0},"t":27,"s":[{"i":[[37.997,-0.5],[4.5,-4.5],[-5,-6.5],[-7.301,5.974],[-16,0.25],[-13,-13],[-6.5,4.5],[5,5.5]],"o":[[-38,0.5],[-4.5,4.5],[5,6.5],[8.25,-6.75],[17.998,-0.281],[12.772,12.772],[7.179,-4.97],[-5,-5.5]],"v":[[-129,-93.5],[-190,-60.5],[-191.5,-41],[-167.5,-43.5],[-129.5,-63],[-89,-46.5],[-63,-39],[-65,-63.5]],"c":true}]},{"i":{"x":0.667,"y":1},"o":{"x":0.333,"y":0},"t":31,"s":[{"i":[[35.052,-0.563],[4.151,-5.069],[-4.612,-7.322],[-6.736,6.73],[-14.76,0.282],[-11.992,-14.645],[-5.996,5.069],[4.612,6.196]],"o":[[-35.055,0.563],[-4.151,5.069],[4.612,7.322],[7.611,-7.604],[16.603,-0.317],[11.782,14.388],[6.623,-5.599],[-4.612,-6.196]],"v":[[-128.78,-97.249],[-185.052,-60.074],[-186.435,-38.107],[-164.296,-40.924],[-129.241,-62.891],[-91.88,-44.303],[-67.896,-35.854],[-69.741,-63.454]],"c":true}]},{"i":{"x":0.667,"y":1},"o":{"x":0.333,"y":0},"t":35,"s":[{"i":[[37.997,-0.5],[4.5,-4.5],[-5,-6.5],[-7.301,5.974],[-16,0.25],[-13,-13],[-6.5,4.5],[5,5.5]],"o":[[-38,0.5],[-4.5,4.5],[5,6.5],[8.25,-6.75],[17.998,-0.281],[12.772,12.772],[7.179,-4.97],[-5,-5.5]],"v":[[-129,-93.5],[-190,-60.5],[-191.5,-41],[-167.5,-43.5],[-129.5,-63],[-89,-46.5],[-63,-39],[-65,-63.5]],"c":true}]},{"i":{"x":0.667,"y":1},"o":{"x":0.333,"y":0},"t":39,"s":[{"i":[[35.052,-0.563],[4.151,-5.069],[-4.612,-7.322],[-6.736,6.73],[-14.76,0.282],[-11.992,-14.645],[-5.996,5.069],[4.612,6.196]],"o":[[-35.055,0.563],[-4.151,5.069],[4.612,7.322],[7.611,-7.604],[16.603,-0.317],[11.782,14.388],[6.623,-5.599],[-4.612,-6.196]],"v":[[-128.78,-97.249],[-185.052,-60.074],[-186.435,-38.107],[-164.296,-40.924],[-129.241,-62.891],[-91.88,-44.303],[-67.896,-35.854],[-69.741,-63.454]],"c":true}]},{"t":43,"s":[{"i":[[37.997,-0.5],[4.5,-4.5],[-5,-6.5],[-7.301,5.974],[-16,0.25],[-13,-13],[-6.5,4.5],[5,5.5]],"o":[[-38,0.5],[-4.5,4.5],[5,6.5],[8.25,-6.75],[17.998,-0.281],[12.772,12.772],[7.179,-4.97],[-5,-5.5]],"v":[[-129,-93.5],[-190,-60.5],[-191.5,-41],[-167.5,-43.5],[-129.5,-63],[-89,-46.5],[-63,-39],[-65,-63.5]],"c":true}]}],"ix":2},"nm":"Path 1","mn":"ADBE Vector Shape - Group","hd":false},{"ty":"fl","c":{"a":0,"k":[0.207843152214,0.133333333333,0.047058827269,1],"ix":4},"o":{"a":0,"k":100,"ix":5},"r":1,"bm":0,"nm":"Fill 1","mn":"ADBE Vector Graphic - Fill","hd":false},{"ty":"tr","p":{"a":0,"k":[0,0],"ix":2},"a":{"a":0,"k":[0,0],"ix":1},"s":{"a":0,"k":[100,100],"ix":3},"r":{"a":0,"k":0,"ix":6},"o":{"a":1,"k":[{"t":0,"s":[0],"h":1},{"t":12,"s":[100],"h":1},{"t":44,"s":[0],"h":1}],"ix":7},"sk":{"a":0,"k":0,"ix":4},"sa":{"a":0,"k":0,"ix":5},"nm":"Transform"}],"nm":")","np":2,"cix":2,"bm":0,"ix":4,"mn":"ADBE Vector Group","hd":false}],"ip":0,"op":48,"st":0,"bm":0},{"ddd":0,"ind":21,"ty":4,"nm":"L Stream ","sr":1,"ks":{"o":{"a":0,"k":100,"ix":11},"r":{"a":0,"k":0,"ix":10},"p":{"a":0,"k":[462,375,0],"ix":2,"l":2},"a":{"a":0,"k":[-134,35,0],"ix":1,"l":2},"s":{"a":1,"k":[{"i":{"x":[0.667,0.667,0.667],"y":[1,1,1]},"o":{"x":[0.333,0.333,0.333],"y":[0,0,0]},"t":16,"s":[-100,100,100]},{"i":{"x":[0.667,0.667,0.667],"y":[1,1,1]},"o":{"x":[0.333,0.333,0.333],"y":[0,0,0]},"t":19,"s":[-116,100,100]},{"i":{"x":[0.667,0.667,0.667],"y":[1,1,1]},"o":{"x":[0.333,0.333,0.333],"y":[0,0,0]},"t":22,"s":[-100,100,100]},{"i":{"x":[0.667,0.667,0.667],"y":[1,1,1]},"o":{"x":[0.333,0.333,0.333],"y":[0,0,0]},"t":25,"s":[-116,100,100]},{"i":{"x":[0.667,0.667,0.667],"y":[1,1,1]},"o":{"x":[0.333,0.333,0.333],"y":[0,0,0]},"t":28,"s":[-100,100,100]},{"i":{"x":[0.667,0.667,0.667],"y":[1,1,1]},"o":{"x":[0.333,0.333,0.333],"y":[0,0,0]},"t":31,"s":[-116,100,100]},{"i":{"x":[0.667,0.667,0.667],"y":[1,1,1]},"o":{"x":[0.333,0.333,0.333],"y":[0,0,0]},"t":34,"s":[-100,100,100]},{"i":{"x":[0.667,0.667,0.667],"y":[1,1,1]},"o":{"x":[0.333,0.333,0.333],"y":[0,0,0]},"t":37,"s":[-116,100,100]},{"i":{"x":[0.29,0.833,0.833],"y":[1,1,1]},"o":{"x":[0.24,0.45,0.333],"y":[0,0,0]},"t":40,"s":[-100,100,100]},{"t":44,"s":[-43,100,100]}],"ix":6,"l":2}},"ao":0,"shapes":[{"ty":"gr","it":[{"ind":0,"ty":"sh","ix":1,"ks":{"a":1,"k":[{"i":{"x":0.833,"y":0.833},"o":{"x":0.167,"y":0.167},"t":12,"s":[{"i":[[0,0],[0,0],[0,0],[0,0]],"o":[[0,0],[0,0],[0,0],[0,0]],"v":[[-159,-19],[-167,-19],[-175,130],[-163.667,128]],"c":true}]},{"i":{"x":0.833,"y":0.833},"o":{"x":0.167,"y":0.167},"t":14,"s":[{"i":[[0,0],[0,0],[0,0],[0,0]],"o":[[0,0],[0,0],[0,0],[0,0]],"v":[[-150,-17],[-158,-17],[-166,280],[-154.667,278]],"c":true}]},{"i":{"x":0.667,"y":1},"o":{"x":0.167,"y":0.167},"t":16,"s":[{"i":[[0,0],[0,0],[0,0],[0,0]],"o":[[0,0],[0,0],[0,0],[0,0]],"v":[[-138,-76],[-150,-76],[-167,292],[-150,290]],"c":true}]},{"i":{"x":0.204,"y":1},"o":{"x":0,"y":0},"t":40,"s":[{"i":[[0,0],[0,0],[0,0],[0,0]],"o":[[0,0],[0,0],[0,0],[0,0]],"v":[[-138,-76],[-150,-76],[-167,292],[-150,290]],"c":true}]},{"t":44,"s":[{"i":[[0,0],[9.136,-10],[-12.235,-11],[1.486,13.5]],"o":[[0,0],[-9.136,10],[12.235,11],[-1.486,-13.5]],"v":[[-142.372,-28],[-154.372,-28],[-162.628,47],[-128.142,47]],"c":true}]}],"ix":2},"nm":"Path 1","mn":"ADBE Vector Shape - Group","hd":false},{"ty":"fl","c":{"a":0,"k":[0.505882352941,0.827451040231,0.976470648074,1],"ix":4},"o":{"a":0,"k":100,"ix":5},"r":1,"bm":0,"nm":"Fill 1","mn":"ADBE Vector Graphic - Fill","hd":false},{"ty":"tr","p":{"a":0,"k":[0,0],"ix":2},"a":{"a":0,"k":[0,0],"ix":1},"s":{"a":0,"k":[100,100],"ix":3},"r":{"a":0,"k":0,"ix":6},"o":{"a":0,"k":100,"ix":7},"sk":{"a":0,"k":0,"ix":4},"sa":{"a":0,"k":0,"ix":5},"nm":"Transform"}],"nm":"L Stream Hilit","np":2,"cix":2,"bm":0,"ix":1,"mn":"ADBE Vector Group","hd":false},{"ty":"gr","it":[{"ind":0,"ty":"sh","ix":1,"ks":{"a":1,"k":[{"i":{"x":0.38,"y":0.545},"o":{"x":0.44,"y":0},"t":12,"s":[{"i":[[32.898,-4],[0,0],[0,0],[-67.993,1],[0,0],[0,0]],"o":[[-32.898,4],[0,0],[0,0],[68,-1],[0,0],[0,0]],"v":[[-137.469,-27],[-181.755,3],[-194,83],[-135,147],[-78,83],[-88.122,-11]],"c":true}]},{"i":{"x":0.2,"y":1},"o":{"x":0.3,"y":0.217},"t":14,"s":[{"i":[[29.449,-4],[0,0],[0,0],[-31.5,-0.508],[0,0],[0,0]],"o":[[-29.449,4],[0,0],[0,0],[31,0.5],[0,0],[0,0]],"v":[[-137.296,-31],[-176.939,-1],[-191.866,278.5],[-136.466,282],[-84.866,278.5],[-93.122,-15]],"c":true}]},{"i":{"x":0.667,"y":1},"o":{"x":0.333,"y":0},"t":16,"s":[{"i":[[26,-4],[0,0],[0,0],[0,0],[0,0],[0,0]],"o":[[-26,4],[0,0],[0,0],[0,0],[0,0],[0,0]],"v":[[-131,-79],[-169,-49],[-189,294],[-138.733,294],[-91,294],[-87,-63]],"c":true}]},{"i":{"x":0.667,"y":1},"o":{"x":0.333,"y":0},"t":19,"s":[{"i":[[26,-4],[0,0],[0,0],[0,0],[0,0],[0,0]],"o":[[-26,4],[0,0],[0,0],[0,0],[0,0],[0,0]],"v":[[-131,-79],[-169,-49],[-189,294],[-138.733,294],[-91,294],[-92.172,-62]],"c":true}]},{"i":{"x":0.667,"y":1},"o":{"x":0.333,"y":0},"t":22,"s":[{"i":[[26,-4],[0,0],[0,0],[0,0],[0,0],[0,0]],"o":[[-26,4],[0,0],[0,0],[0,0],[0,0],[0,0]],"v":[[-131,-93],[-169,-63],[-189,294],[-138.733,294],[-91,294],[-92.172,-76]],"c":true}]},{"i":{"x":0.667,"y":1},"o":{"x":0.333,"y":0},"t":25,"s":[{"i":[[26,-4],[0,0],[0,0],[0,0],[0,0],[0,0]],"o":[[-26,4],[0,0],[0,0],[0,0],[0,0],[0,0]],"v":[[-131,-87],[-169,-57],[-189,294],[-138.733,294],[-91,294],[-92.172,-70]],"c":true}]},{"i":{"x":0.667,"y":1},"o":{"x":0.333,"y":0},"t":28,"s":[{"i":[[26,-4],[0,0],[0,0],[0,0],[0,0],[0,0]],"o":[[-26,4],[0,0],[0,0],[0,0],[0,0],[0,0]],"v":[[-131,-76],[-174,-47],[-189,294],[-138.733,294],[-91,294],[-83.172,-60]],"c":true}]},{"i":{"x":0.667,"y":1},"o":{"x":0.333,"y":0},"t":31,"s":[{"i":[[26,-4],[0,0],[0,0],[0,0],[0,0],[0,0]],"o":[[-26,4],[0,0],[0,0],[0,0],[0,0],[0,0]],"v":[[-130.586,-97],[-168.586,-67],[-189,294],[-138.733,294],[-91,294],[-91.759,-80]],"c":true}]},{"i":{"x":0.667,"y":1},"o":{"x":0.333,"y":0},"t":34,"s":[{"i":[[26,-4],[0,0],[0,0],[0,0],[0,0],[0,0]],"o":[[-26,4],[0,0],[0,0],[0,0],[0,0],[0,0]],"v":[[-130.172,-76],[-177.172,-48],[-189,294],[-138.733,294],[-91,294],[-85.345,-59]],"c":true}]},{"i":{"x":0.833,"y":1},"o":{"x":0.333,"y":0},"t":37,"s":[{"i":[[26,-4],[0,0],[0,0],[0,0],[0,0],[0,0]],"o":[[-26,4],[0,0],[0,0],[0,0],[0,0],[0,0]],"v":[[-129.793,-84],[-164.345,-55],[-189,294],[-138.733,294],[-91,294],[-91.828,-66]],"c":true}]},{"i":{"x":0.147,"y":1},"o":{"x":0.24,"y":0},"t":40,"s":[{"i":[[26,-4],[0,0],[0,0],[0,0],[0,0],[0,0]],"o":[[-26,4],[0,0],[0,0],[0,0],[0,0],[0,0]],"v":[[-130.793,-78],[-171.345,-50],[-189,294],[-138.733,294],[-91,294],[-85.828,-59]],"c":true}]},{"t":44,"s":[{"i":[[26,-4],[0,0],[0,0],[-49.466,1],[0,0],[0,0]],"o":[[-26,4],[0,0],[0,0],[49.466,-1],[0,0],[0,0]],"v":[[-130.621,-48],[-171.172,-20],[-177.674,10],[-129.14,57],[-79.674,10],[-85.655,-29]],"c":true}]}],"ix":2},"nm":"Path 1","mn":"ADBE Vector Shape - Group","hd":false},{"ty":"fl","c":{"a":0,"k":[0.152941176471,0.709803921569,0.956862804936,1],"ix":4},"o":{"a":0,"k":100,"ix":5},"r":1,"bm":0,"nm":"Fill 1","mn":"ADBE Vector Graphic - Fill","hd":false},{"ty":"tr","p":{"a":0,"k":[0,0],"ix":2},"a":{"a":0,"k":[0,0],"ix":1},"s":{"a":0,"k":[100,100],"ix":3},"r":{"a":0,"k":0,"ix":6},"o":{"a":0,"k":100,"ix":7},"sk":{"a":0,"k":0,"ix":4},"sa":{"a":0,"k":0,"ix":5},"nm":"Transform"}],"nm":"L Stream","np":2,"cix":2,"bm":0,"ix":2,"mn":"ADBE Vector Group","hd":false}],"ip":12,"op":44,"st":0,"bm":0},{"ddd":0,"ind":22,"ty":4,"nm":"R Stream","sr":1,"ks":{"o":{"a":0,"k":100,"ix":11},"r":{"a":0,"k":0,"ix":10},"p":{"a":0,"k":[206,375,0],"ix":2,"l":2},"a":{"a":0,"k":[-134,35,0],"ix":1,"l":2},"s":{"a":1,"k":[{"i":{"x":[0.667,0.667,0.667],"y":[1,1,1]},"o":{"x":[0.333,0.333,0.333],"y":[0,0,0]},"t":16,"s":[100,100,100]},{"i":{"x":[0.667,0.667,0.667],"y":[1,1,1]},"o":{"x":[0.333,0.333,0.333],"y":[0,0,0]},"t":19,"s":[116,100,100]},{"i":{"x":[0.667,0.667,0.667],"y":[1,1,1]},"o":{"x":[0.333,0.333,0.333],"y":[0,0,0]},"t":22,"s":[100,100,100]},{"i":{"x":[0.667,0.667,0.667],"y":[1,1,1]},"o":{"x":[0.333,0.333,0.333],"y":[0,0,0]},"t":25,"s":[116,100,100]},{"i":{"x":[0.667,0.667,0.667],"y":[1,1,1]},"o":{"x":[0.333,0.333,0.333],"y":[0,0,0]},"t":28,"s":[100,100,100]},{"i":{"x":[0.667,0.667,0.667],"y":[1,1,1]},"o":{"x":[0.333,0.333,0.333],"y":[0,0,0]},"t":31,"s":[116,100,100]},{"i":{"x":[0.667,0.667,0.667],"y":[1,1,1]},"o":{"x":[0.333,0.333,0.333],"y":[0,0,0]},"t":34,"s":[100,100,100]},{"i":{"x":[0.667,0.667,0.667],"y":[1,1,1]},"o":{"x":[0.333,0.333,0.333],"y":[0,0,0]},"t":37,"s":[116,100,100]},{"i":{"x":[0.29,0.833,0.833],"y":[1,1,1]},"o":{"x":[0.24,0.45,0.333],"y":[0,0,0]},"t":40,"s":[100,100,100]},{"t":44,"s":[43,100,100]}],"ix":6,"l":2}},"ao":0,"shapes":[{"ty":"gr","it":[{"ind":0,"ty":"sh","ix":1,"ks":{"a":1,"k":[{"i":{"x":0.833,"y":0.833},"o":{"x":0.167,"y":0.167},"t":12,"s":[{"i":[[0,0],[0,0],[0,0],[0,0]],"o":[[0,0],[0,0],[0,0],[0,0]],"v":[[-159,-19],[-167,-19],[-175,130],[-163.667,128]],"c":true}]},{"i":{"x":0.833,"y":0.833},"o":{"x":0.167,"y":0.167},"t":14,"s":[{"i":[[0,0],[0,0],[0,0],[0,0]],"o":[[0,0],[0,0],[0,0],[0,0]],"v":[[-150,-17],[-158,-17],[-166,280],[-154.667,278]],"c":true}]},{"i":{"x":0.667,"y":1},"o":{"x":0.167,"y":0.167},"t":16,"s":[{"i":[[0,0],[0,0],[0,0],[0,0]],"o":[[0,0],[0,0],[0,0],[0,0]],"v":[[-138,-76],[-150,-76],[-167,292],[-150,290]],"c":true}]},{"i":{"x":0.204,"y":1},"o":{"x":0,"y":0},"t":40,"s":[{"i":[[0,0],[0,0],[0,0],[0,0]],"o":[[0,0],[0,0],[0,0],[0,0]],"v":[[-138,-76],[-150,-76],[-167,292],[-150,290]],"c":true}]},{"t":44,"s":[{"i":[[0,0],[9.136,-10],[-12.235,-11],[1.486,13.5]],"o":[[0,0],[-9.136,10],[12.235,11],[-1.486,-13.5]],"v":[[-142.372,-28],[-154.372,-28],[-162.628,47],[-128.142,47]],"c":true}]}],"ix":2},"nm":"Path 1","mn":"ADBE Vector Shape - Group","hd":false},{"ty":"fl","c":{"a":0,"k":[0.505882352941,0.827451040231,0.976470648074,1],"ix":4},"o":{"a":0,"k":100,"ix":5},"r":1,"bm":0,"nm":"Fill 1","mn":"ADBE Vector Graphic - Fill","hd":false},{"ty":"tr","p":{"a":0,"k":[0,0],"ix":2},"a":{"a":0,"k":[0,0],"ix":1},"s":{"a":0,"k":[100,100],"ix":3},"r":{"a":0,"k":0,"ix":6},"o":{"a":0,"k":100,"ix":7},"sk":{"a":0,"k":0,"ix":4},"sa":{"a":0,"k":0,"ix":5},"nm":"Transform"}],"nm":"R Stream Hilit","np":2,"cix":2,"bm":0,"ix":1,"mn":"ADBE Vector Group","hd":false},{"ty":"gr","it":[{"ind":0,"ty":"sh","ix":1,"ks":{"a":1,"k":[{"i":{"x":0.38,"y":0.545},"o":{"x":0.44,"y":0},"t":12,"s":[{"i":[[32.898,-4],[0,0],[0,0],[-67.993,1],[0,0],[0,0]],"o":[[-32.898,4],[0,0],[0,0],[68,-1],[0,0],[0,0]],"v":[[-137.469,-27],[-181.755,3],[-194,83],[-135,147],[-78,83],[-88.122,-11]],"c":true}]},{"i":{"x":0.2,"y":1},"o":{"x":0.3,"y":0.217},"t":14,"s":[{"i":[[29.449,-4],[0,0],[0,0],[-31.5,-0.508],[0,0],[0,0]],"o":[[-29.449,4],[0,0],[0,0],[31,0.5],[0,0],[0,0]],"v":[[-137.296,-31],[-176.939,-1],[-191.866,278.5],[-136.466,282],[-84.866,278.5],[-93.122,-15]],"c":true}]},{"i":{"x":0.667,"y":1},"o":{"x":0.333,"y":0},"t":16,"s":[{"i":[[26,-4],[0,0],[0,0],[0,0],[0,0],[0,0]],"o":[[-26,4],[0,0],[0,0],[0,0],[0,0],[0,0]],"v":[[-131,-79],[-169,-49],[-189,294],[-138.733,294],[-91,294],[-87,-63]],"c":true}]},{"i":{"x":0.667,"y":1},"o":{"x":0.333,"y":0},"t":19,"s":[{"i":[[26,-4],[0,0],[0,0],[0,0],[0,0],[0,0]],"o":[[-26,4],[0,0],[0,0],[0,0],[0,0],[0,0]],"v":[[-131,-79],[-169,-49],[-189,294],[-138.733,294],[-91,294],[-92.172,-62]],"c":true}]},{"i":{"x":0.667,"y":1},"o":{"x":0.333,"y":0},"t":22,"s":[{"i":[[26,-4],[0,0],[0,0],[0,0],[0,0],[0,0]],"o":[[-26,4],[0,0],[0,0],[0,0],[0,0],[0,0]],"v":[[-131,-93],[-169,-63],[-189,294],[-138.733,294],[-91,294],[-92.172,-76]],"c":true}]},{"i":{"x":0.667,"y":1},"o":{"x":0.333,"y":0},"t":25,"s":[{"i":[[26,-4],[0,0],[0,0],[0,0],[0,0],[0,0]],"o":[[-26,4],[0,0],[0,0],[0,0],[0,0],[0,0]],"v":[[-131,-87],[-169,-57],[-189,294],[-138.733,294],[-91,294],[-92.172,-70]],"c":true}]},{"i":{"x":0.667,"y":1},"o":{"x":0.333,"y":0},"t":28,"s":[{"i":[[26,-4],[0,0],[0,0],[0,0],[0,0],[0,0]],"o":[[-26,4],[0,0],[0,0],[0,0],[0,0],[0,0]],"v":[[-131,-76],[-174,-47],[-189,294],[-138.733,294],[-91,294],[-83.172,-60]],"c":true}]},{"i":{"x":0.667,"y":1},"o":{"x":0.333,"y":0},"t":31,"s":[{"i":[[26,-4],[0,0],[0,0],[0,0],[0,0],[0,0]],"o":[[-26,4],[0,0],[0,0],[0,0],[0,0],[0,0]],"v":[[-130.586,-97],[-168.586,-67],[-189,294],[-138.733,294],[-91,294],[-91.759,-80]],"c":true}]},{"i":{"x":0.667,"y":1},"o":{"x":0.333,"y":0},"t":34,"s":[{"i":[[26,-4],[0,0],[0,0],[0,0],[0,0],[0,0]],"o":[[-26,4],[0,0],[0,0],[0,0],[0,0],[0,0]],"v":[[-130.172,-76],[-177.172,-48],[-189,294],[-138.733,294],[-91,294],[-85.345,-59]],"c":true}]},{"i":{"x":0.833,"y":1},"o":{"x":0.333,"y":0},"t":37,"s":[{"i":[[26,-4],[0,0],[0,0],[0,0],[0,0],[0,0]],"o":[[-26,4],[0,0],[0,0],[0,0],[0,0],[0,0]],"v":[[-129.793,-84],[-164.345,-55],[-189,294],[-138.733,294],[-91,294],[-91.828,-66]],"c":true}]},{"i":{"x":0.147,"y":1},"o":{"x":0.24,"y":0},"t":40,"s":[{"i":[[26,-4],[0,0],[0,0],[0,0],[0,0],[0,0]],"o":[[-26,4],[0,0],[0,0],[0,0],[0,0],[0,0]],"v":[[-130.793,-78],[-171.345,-50],[-189,294],[-138.733,294],[-91,294],[-85.828,-59]],"c":true}]},{"t":44,"s":[{"i":[[26,-4],[0,0],[0,0],[-49.466,1],[0,0],[0,0]],"o":[[-26,4],[0,0],[0,0],[49.466,-1],[0,0],[0,0]],"v":[[-130.621,-48],[-171.172,-20],[-177.674,10],[-129.14,57],[-79.674,10],[-85.655,-29]],"c":true}]}],"ix":2},"nm":"Path 1","mn":"ADBE Vector Shape - Group","hd":false},{"ty":"fl","c":{"a":0,"k":[0.152941176471,0.709803921569,0.956862804936,1],"ix":4},"o":{"a":0,"k":100,"ix":5},"r":1,"bm":0,"nm":"Fill 1","mn":"ADBE Vector Graphic - Fill","hd":false},{"ty":"tr","p":{"a":0,"k":[0,0],"ix":2},"a":{"a":0,"k":[0,0],"ix":1},"s":{"a":0,"k":[100,100],"ix":3},"r":{"a":0,"k":0,"ix":6},"o":{"a":0,"k":100,"ix":7},"sk":{"a":0,"k":0,"ix":4},"sa":{"a":0,"k":0,"ix":5},"nm":"Transform"}],"nm":"R Stream","np":2,"cix":2,"bm":0,"ix":2,"mn":"ADBE Vector Group","hd":false}],"ip":12,"op":44,"st":0,"bm":0},{"ddd":0,"ind":23,"ty":4,"nm":"D Mouth","parent":14,"sr":1,"ks":{"o":{"a":1,"k":[{"t":0,"s":[0],"h":1},{"t":13,"s":[100],"h":1},{"t":43,"s":[0],"h":1}],"ix":11},"r":{"a":0,"k":0,"ix":10},"p":{"a":1,"k":[{"i":{"x":0.06,"y":1},"o":{"x":0.226,"y":0},"t":13,"s":[0,69,0],"to":[0,-9.167,0],"ti":[0,6.833,0]},{"i":{"x":0.06,"y":1},"o":{"x":0.167,"y":0},"t":16,"s":[0,14,0],"to":[0,-6.833,0],"ti":[0,-2.333,0]},{"i":{"x":0.667,"y":0.667},"o":{"x":0.167,"y":0.167},"t":18,"s":[0,28,0],"to":[0,0,0],"ti":[0,0,0]},{"i":{"x":0.296,"y":1},"o":{"x":0.478,"y":0},"t":39,"s":[0,28,0],"to":[0,8.667,0],"ti":[0,-8.667,0]},{"t":43,"s":[0,80,0]}],"ix":2,"l":2},"a":{"a":0,"k":[0,82,0],"ix":1,"l":2},"s":{"a":1,"k":[{"i":{"x":[0.244,0.244,0.667],"y":[1,1,1]},"o":{"x":[0.209,0.209,0.333],"y":[0,0,0]},"t":13,"s":[59,68,100]},{"i":{"x":[0.667,0.667,0.667],"y":[1,1,1]},"o":{"x":[0.167,0.167,0.167],"y":[0,0,0]},"t":16,"s":[100,100,100]},{"i":{"x":[0.296,0.296,0.667],"y":[1,1,1]},"o":{"x":[0.478,0.478,0.333],"y":[0,0,0]},"t":39,"s":[100,100,100]},{"t":43,"s":[67,49,100]}],"ix":6,"l":2}},"ao":0,"shapes":[{"ty":"gr","it":[{"ind":0,"ty":"sh","ix":1,"ks":{"a":0,"k":{"i":[[-113.066,1.019],[2.618,3.513],[70.397,-0.244],[23.156,-31.839]],"o":[[111,-1],[-30.204,-40.534],[-70.533,0.244],[-2.903,3.992]],"v":[[0,128],[135.31,142.141],[-2.989,85.14],[-130.079,141.942]],"c":true},"ix":2},"nm":"Path 1","mn":"ADBE Vector Shape - Group","hd":false},{"ty":"fl","c":{"a":0,"k":[1,1,1,1],"ix":4},"o":{"a":0,"k":100,"ix":5},"r":1,"bm":0,"nm":"Fill 1","mn":"ADBE Vector Graphic - Fill","hd":false},{"ty":"tr","p":{"a":0,"k":[0,0],"ix":2},"a":{"a":0,"k":[0,0],"ix":1},"s":{"a":0,"k":[100,100],"ix":3},"r":{"a":0,"k":0,"ix":6},"o":{"a":0,"k":100,"ix":7},"sk":{"a":0,"k":0,"ix":4},"sa":{"a":0,"k":0,"ix":5},"nm":"Transform"}],"nm":"Teeth","np":2,"cix":2,"bm":0,"ix":1,"mn":"ADBE Vector Group","hd":false},{"ty":"gr","it":[{"ind":0,"ty":"sh","ix":1,"ks":{"a":0,"k":{"i":[[28.744,-45.99],[-15.228,-11.537],[-113.066,1.019],[-26.683,26.683],[18.082,35.186],[93.068,-0.322]],"o":[[-17.5,28],[33,25],[111,-1],[13,-13],[-37,-72],[-104.003,0.36]],"v":[[-159,188],[-161,262],[0,234.5],[167,269],[163,188],[-2.989,85.64]],"c":true},"ix":2},"nm":"Path 1","mn":"ADBE Vector Shape - Group","hd":false},{"ty":"fl","c":{"a":0,"k":[0.207843152214,0.133333333333,0.047058827269,1],"ix":4},"o":{"a":0,"k":100,"ix":5},"r":1,"bm":0,"nm":"Fill 1","mn":"ADBE Vector Graphic - Fill","hd":false},{"ty":"tr","p":{"a":0,"k":[0,0],"ix":2},"a":{"a":0,"k":[0,0],"ix":1},"s":{"a":0,"k":[100,100],"ix":3},"r":{"a":0,"k":0,"ix":6},"o":{"a":0,"k":100,"ix":7},"sk":{"a":0,"k":0,"ix":4},"sa":{"a":0,"k":0,"ix":5},"nm":"Transform"}],"nm":"Fill","np":2,"cix":2,"bm":0,"ix":2,"mn":"ADBE Vector Group","hd":false},{"ty":"gr","it":[{"ind":0,"ty":"sh","ix":1,"ks":{"a":0,"k":{"i":[[28.744,-45.99],[-15.228,-11.537],[-113.066,1.019],[-26.683,26.683],[18.082,35.186],[93.068,-0.322]],"o":[[-17.5,28],[33,25],[111,-1],[13,-13],[-37,-72],[-104.003,0.36]],"v":[[-159,188],[-161,257],[0,229],[167,264],[163,188],[-2.995,82.64]],"c":true},"ix":2},"nm":"Path 1","mn":"ADBE Vector Shape - Group","hd":false},{"ty":"st","c":{"a":0,"k":[0.921568687289,0.560784313725,0.105882360421,1],"ix":3},"o":{"a":0,"k":100,"ix":4},"w":{"a":0,"k":11,"ix":5},"lc":1,"lj":1,"ml":4,"bm":0,"nm":"Stroke 1","mn":"ADBE Vector Graphic - Stroke","hd":false},{"ty":"tr","p":{"a":0,"k":[0,0],"ix":2},"a":{"a":0,"k":[0,0],"ix":1},"s":{"a":0,"k":[100,100],"ix":3},"r":{"a":0,"k":0,"ix":6},"o":{"a":0,"k":100,"ix":7},"sk":{"a":0,"k":0,"ix":4},"sa":{"a":0,"k":0,"ix":5},"nm":"Transform"}],"nm":"Line","np":2,"cix":2,"bm":0,"ix":3,"mn":"ADBE Vector Group","hd":false}],"ip":0,"op":48,"st":0,"bm":0},{"ddd":0,"ind":24,"ty":4,"nm":"0 Mouth","parent":14,"sr":1,"ks":{"o":{"a":1,"k":[{"t":0,"s":[100],"h":1},{"t":13,"s":[0],"h":1},{"t":43,"s":[100],"h":1}],"ix":11},"r":{"a":0,"k":0,"ix":10},"p":{"a":1,"k":[{"i":{"x":0.833,"y":0.833},"o":{"x":0.167,"y":0.167},"t":0,"s":[-11,65,0],"to":[0.417,1,0],"ti":[0.333,-0.667,0]},{"i":{"x":0.833,"y":0.833},"o":{"x":0.167,"y":0.167},"t":2,"s":[-8.5,71,0],"to":[-0.333,0.667,0],"ti":[-0.167,0.833,0]},{"i":{"x":0.833,"y":0.833},"o":{"x":0.167,"y":0.167},"t":4,"s":[-13,69,0],"to":[0.167,-0.833,0],"ti":[-0.5,0.5,0]},{"i":{"x":0.833,"y":0.833},"o":{"x":0.167,"y":0.167},"t":6,"s":[-7.5,66,0],"to":[0.5,-0.5,0],"ti":[0.583,0.167,0]},{"i":{"x":0.667,"y":1},"o":{"x":0.167,"y":0.167},"t":8,"s":[-10,66,0],"to":[-0.583,-0.167,0],"ti":[0.167,-6.167,0]},{"i":{"x":0.062,"y":1},"o":{"x":0.329,"y":0},"t":10,"s":[-11,65,0],"to":[-0.167,6.167,0],"ti":[0,-6.333,0]},{"i":{"x":0.062,"y":0.062},"o":{"x":0.333,"y":0.333},"t":13,"s":[-11,103,0],"to":[0,0,0],"ti":[0,0,0]},{"i":{"x":0.667,"y":1},"o":{"x":0.333,"y":0},"t":42,"s":[-11,103,0],"to":[1.5,6.333,0],"ti":[0,6.333,0]},{"i":{"x":0.072,"y":1},"o":{"x":0.064,"y":0},"t":43,"s":[-2,141,0],"to":[0,-6.333,0],"ti":[1.5,12.667,0]},{"t":48,"s":[-11,65,0]}],"ix":2,"l":2},"a":{"a":0,"k":[-11,65,0],"ix":1,"l":2},"s":{"a":0,"k":[100,100,100],"ix":6,"l":2}},"ao":0,"shapes":[{"ty":"gr","it":[{"ind":0,"ty":"sh","ix":1,"ks":{"a":1,"k":[{"i":{"x":0.129,"y":1},"o":{"x":0.032,"y":0},"t":0,"s":[{"i":[[0,0],[0,0],[-1.754,-6.772],[-20.179,-0.148],[-3.987,6.274]],"o":[[0,0],[0,0],[1.867,7.211],[19.808,0.145],[3.313,-5.213]],"v":[[22.812,46.064],[-43.695,46.064],[-47.257,53.981],[-10.681,77.33],[25.448,54.555]],"c":true}]},{"i":{"x":0.2,"y":1},"o":{"x":0.167,"y":0},"t":11,"s":[{"i":[[0,0],[0,0],[-2.84,-13.041],[-32.685,-0.285],[-6.458,12.082]],"o":[[0,0],[0,0],[3.024,13.886],[32.085,0.28],[5.366,-10.039]],"v":[[48.157,35.807],[-59.568,35.807],[-65.338,51.052],[-6.093,96.014],[52.427,52.158]],"c":true}]},{"i":{"x":0.667,"y":1},"o":{"x":0.333,"y":0},"t":42,"s":[{"i":[[0,0],[0,0],[-1.754,-6.772],[-20.179,-0.148],[-3.987,6.274]],"o":[[0,0],[0,0],[1.867,7.211],[19.808,0.145],[3.313,-5.213]],"v":[[22.812,46.064],[-43.695,46.064],[-47.257,53.981],[-10.681,77.33],[25.448,54.555]],"c":true}]},{"i":{"x":0.2,"y":1},"o":{"x":0.056,"y":0},"t":43,"s":[{"i":[[0,0],[0,0],[-1.09,-6.772],[-12.546,-0.148],[-2.479,6.274]],"o":[[0,0],[0,0],[1.161,7.211],[12.315,0.145],[2.059,-5.213]],"v":[[10.353,46.064],[-30.996,46.064],[-33.211,53.981],[-10.471,77.33],[11.992,54.555]],"c":true}]},{"t":48,"s":[{"i":[[0,0],[0,0],[-1.754,-6.772],[-20.179,-0.148],[-3.987,6.274]],"o":[[0,0],[0,0],[1.867,7.211],[19.808,0.145],[3.313,-5.213]],"v":[[22.812,46.064],[-43.695,46.064],[-47.257,53.981],[-10.681,77.33],[25.448,54.555]],"c":true}]}],"ix":2},"nm":"Path 1","mn":"ADBE Vector Shape - Group","hd":false},{"ty":"fl","c":{"a":0,"k":[0.207843152214,0.133333333333,0.047058827269,1],"ix":4},"o":{"a":0,"k":100,"ix":5},"r":1,"bm":0,"nm":"Fill 1","mn":"ADBE Vector Graphic - Fill","hd":false},{"ty":"tr","p":{"a":0,"k":[0,0],"ix":2},"a":{"a":0,"k":[0,0],"ix":1},"s":{"a":0,"k":[100,100],"ix":3},"r":{"a":0,"k":0,"ix":6},"o":{"a":0,"k":100,"ix":7},"sk":{"a":0,"k":0,"ix":4},"sa":{"a":0,"k":0,"ix":5},"nm":"Transform"}],"nm":"Mouth","np":3,"cix":2,"bm":0,"ix":1,"mn":"ADBE Vector Group","hd":false}],"ip":0,"op":48,"st":0,"bm":0},{"ddd":0,"ind":25,"ty":4,"nm":"Body","sr":1,"ks":{"o":{"a":0,"k":100,"ix":11},"r":{"a":0,"k":0,"ix":10},"p":{"a":0,"k":[337.16,611.547,0],"ix":2,"l":2},"a":{"a":0,"k":[0,238,0],"ix":1,"l":2},"s":{"a":1,"k":[{"i":{"x":[0.667,0.667,0.667],"y":[1,1,1]},"o":{"x":[0.333,0.333,0.333],"y":[0,0,0]},"t":10,"s":[113,113,100]},{"i":{"x":[0.667,0.667,0.667],"y":[1,1,1]},"o":{"x":[0.333,0.333,0.333],"y":[0,0,0]},"t":13,"s":[119,109,100]},{"i":{"x":[0.667,0.667,0.667],"y":[1,1,1]},"o":{"x":[0.333,0.333,0.333],"y":[0,0,0]},"t":16,"s":[110,118,100]},{"i":{"x":[0.667,0.667,0.667],"y":[1,1,1]},"o":{"x":[0.333,0.333,0.333],"y":[0,0,0]},"t":19,"s":[113,113,100]},{"i":{"x":[0.667,0.667,0.667],"y":[1,1,1]},"o":{"x":[0.333,0.333,0.333],"y":[0,0,0]},"t":23,"s":[111,115,100]},{"i":{"x":[0.667,0.667,0.667],"y":[1,1,1]},"o":{"x":[0.333,0.333,0.333],"y":[0,0,0]},"t":27,"s":[114,112,100]},{"i":{"x":[0.667,0.667,0.667],"y":[1,1,1]},"o":{"x":[0.333,0.333,0.333],"y":[0,0,0]},"t":31,"s":[111,115,100]},{"i":{"x":[0.667,0.667,0.667],"y":[1,1,1]},"o":{"x":[0.333,0.333,0.333],"y":[0,0,0]},"t":35,"s":[114,112,100]},{"i":{"x":[0.667,0.667,0.667],"y":[1,1,1]},"o":{"x":[0.333,0.333,0.333],"y":[0,0,0]},"t":39,"s":[111,115,100]},{"t":43,"s":[114,112,100]}],"ix":6,"l":2}},"ao":0,"shapes":[{"ty":"gr","it":[{"ind":0,"ty":"sh","ix":1,"ks":{"a":0,"k":{"i":[[-150.987,2.027],[-0.958,-136.5],[151,0],[3,147.5]],"o":[[149,-2],[1,142.5],[-151.501,0],[-3.01,-147.97]],"v":[[0,-260.379],[262,-10.379],[-1,242.621],[-262,-10.379]],"c":true},"ix":2},"nm":"Path 1","mn":"ADBE Vector Shape - Group","hd":false},{"ty":"gs","o":{"a":0,"k":100,"ix":9},"w":{"a":0,"k":14,"ix":10},"g":{"p":3,"k":{"a":0,"k":[0,0.922,0.565,0.106,0.5,0.941,0.635,0.22,1,0.961,0.706,0.333],"ix":8}},"s":{"a":0,"k":[21.453,170.307],"ix":4},"e":{"a":0,"k":[16.133,-32.719],"ix":5},"t":2,"h":{"a":0,"k":0,"ix":6},"a":{"a":0,"k":0,"ix":7},"lc":1,"lj":1,"ml":4,"ml2":{"a":0,"k":4,"ix":13},"bm":0,"nm":"Gradient Stroke 1","mn":"ADBE Vector Graphic - G-Stroke","hd":false},{"ty":"gf","o":{"a":0,"k":100,"ix":10},"r":1,"bm":0,"g":{"p":3,"k":{"a":0,"k":[0.001,0.996,0.886,0.271,0.712,0.978,0.782,0.239,1,0.961,0.678,0.208],"ix":9}},"s":{"a":0,"k":[-3.094,-11.203],"ix":5},"e":{"a":0,"k":[-8.937,278.742],"ix":6},"t":2,"h":{"a":0,"k":-18,"ix":7},"a":{"a":0,"k":0,"ix":8},"nm":"Gradient Fill 1","mn":"ADBE Vector Graphic - G-Fill","hd":false},{"ty":"tr","p":{"a":0,"k":[-1.16,10.832],"ix":2},"a":{"a":0,"k":[0,0],"ix":1},"s":{"a":0,"k":[100,100],"ix":3},"r":{"a":0,"k":0,"ix":6},"o":{"a":0,"k":100,"ix":7},"sk":{"a":0,"k":0,"ix":4},"sa":{"a":0,"k":0,"ix":5},"nm":"Transform"}],"nm":"Body","np":3,"cix":2,"bm":0,"ix":1,"mn":"ADBE Vector Group","hd":false}],"ip":0,"op":48,"st":0,"bm":0},{"ddd":0,"ind":26,"ty":4,"nm":"Puddle 02 L","sr":1,"ks":{"o":{"a":0,"k":100,"ix":11},"r":{"a":0,"k":0,"ix":10},"p":{"a":0,"k":[328,340,0],"ix":2,"l":2},"a":{"a":0,"k":[0,0,0],"ix":1,"l":2},"s":{"a":0,"k":[-100,100,100],"ix":6,"l":2}},"ao":0,"shapes":[{"ty":"gr","it":[{"d":1,"ty":"el","s":{"a":1,"k":[{"i":{"x":[0.46,0.46],"y":[1,1]},"o":{"x":[0.166,0.166],"y":[0,0]},"t":16,"s":[0,0]},{"i":{"x":[0.833,0.833],"y":[1,1]},"o":{"x":[0.333,0.333],"y":[0,0]},"t":42,"s":[146.779,58.953]},{"t":48,"s":[7.469,3]}],"ix":2},"p":{"a":1,"k":[{"i":{"x":0.667,"y":1},"o":{"x":0.333,"y":0},"t":16,"s":[-11,-36],"to":[-5.5,0],"ti":[-0.333,0]},{"i":{"x":0.667,"y":1},"o":{"x":0.333,"y":0},"t":42,"s":[-44,-36],"to":[0.333,0],"ti":[-5.833,0]},{"t":48,"s":[-9,-36]}],"ix":3},"nm":"Ellipse Path 1","mn":"ADBE Vector Shape - Ellipse","hd":false},{"ty":"fl","c":{"a":0,"k":[0.152941176471,0.709803921569,0.956862804936,1],"ix":4},"o":{"a":0,"k":100,"ix":5},"r":1,"bm":0,"nm":"Fill 1","mn":"ADBE Vector Graphic - Fill","hd":false},{"ty":"tr","p":{"a":0,"k":[-133.383,290.844],"ix":2},"a":{"a":0,"k":[0,0],"ix":1},"s":{"a":0,"k":[100,100],"ix":3},"r":{"a":0,"k":0,"ix":6},"o":{"a":0,"k":100,"ix":7},"sk":{"a":0,"k":0,"ix":4},"sa":{"a":0,"k":0,"ix":5},"nm":"Transform"}],"nm":"Puddle 02 R","np":2,"cix":2,"bm":0,"ix":1,"mn":"ADBE Vector Group","hd":false}],"ip":16,"op":48,"st":0,"bm":0},{"ddd":0,"ind":27,"ty":4,"nm":"Puddle 02 R ","sr":1,"ks":{"o":{"a":0,"k":100,"ix":11},"r":{"a":0,"k":0,"ix":10},"p":{"a":0,"k":[340,340,0],"ix":2,"l":2},"a":{"a":0,"k":[0,0,0],"ix":1,"l":2},"s":{"a":0,"k":[100,100,100],"ix":6,"l":2}},"ao":0,"shapes":[{"ty":"gr","it":[{"d":1,"ty":"el","s":{"a":1,"k":[{"i":{"x":[0.46,0.46],"y":[1,1]},"o":{"x":[0.166,0.166],"y":[0,0]},"t":16,"s":[0,0]},{"i":{"x":[0.833,0.833],"y":[1,1]},"o":{"x":[0.333,0.333],"y":[0,0]},"t":42,"s":[146.779,58.953]},{"t":48,"s":[7.469,3]}],"ix":2},"p":{"a":1,"k":[{"i":{"x":0.667,"y":1},"o":{"x":0.333,"y":0},"t":16,"s":[-11,-36],"to":[-5.5,0],"ti":[-0.333,0]},{"i":{"x":0.667,"y":1},"o":{"x":0.333,"y":0},"t":42,"s":[-44,-36],"to":[0.333,0],"ti":[-5.833,0]},{"t":48,"s":[-9,-36]}],"ix":3},"nm":"Ellipse Path 1","mn":"ADBE Vector Shape - Ellipse","hd":false},{"ty":"fl","c":{"a":0,"k":[0.152941176471,0.709803921569,0.956862804936,1],"ix":4},"o":{"a":0,"k":100,"ix":5},"r":1,"bm":0,"nm":"Fill 1","mn":"ADBE Vector Graphic - Fill","hd":false},{"ty":"tr","p":{"a":0,"k":[-133.383,290.844],"ix":2},"a":{"a":0,"k":[0,0],"ix":1},"s":{"a":0,"k":[100,100],"ix":3},"r":{"a":0,"k":0,"ix":6},"o":{"a":0,"k":100,"ix":7},"sk":{"a":0,"k":0,"ix":4},"sa":{"a":0,"k":0,"ix":5},"nm":"Transform"}],"nm":"Puddle 02 R","np":2,"cix":2,"bm":0,"ix":1,"mn":"ADBE Vector Group","hd":false}],"ip":16,"op":48,"st":0,"bm":0}],"markers":[{"tm":14,"cm":"1","dr":0}]}